word,hanyukey
󲜐,陷害//害/陷//
󲜑,兔子//兔//
󲜒,卷//
󲜓,舔//
󲜔,便宜//
󲜕,埋怨//怨//
󲜖,裱褙//裱//褙//
󲜗,木渣//渣//
󲜘,末尾/末/尾//
󲜙,分开//分//
󲜚,雪//
󲜛,绊舌//舌//
󲜜,指人/指物/指向/指//
󲜝,包/包扎//
󲜞,锐利//
󲜟,这里//
󲜠,惊恐//
󲜡,爬/攀爬/攀/攀登/登/上//
󲜢,飘//
󲜣,惊/牛马惊//
󲜤,禁闭//
󲜥,八角//
󲜦,幼//
󲜧,膨胀//
󲜨,高祖//
󲜩,特地/专门//
󲜪,翻//
󲜫,爆//
󲜬,翻/翻开//
󲜭,逃//
󲜮,像枪弹飞驰声/枪弹飞驰声/飞驰声//
󲜯,宝剑/剑//
󲜰,长者/大//
󲜱,唱//
󲜲,放牧/牧//
󲜳,熄灭/熄//
󲜴,精细地缝/缝/篾箩//
󲜵,乾坤/上下/开辟//
󲜶,地区/区//
󲜷,心//
󲜸,熟透/熟//
󲜹,焦干/干脆//脆/干//
󲜺,股//
󲜻,咳//
󲜼,供奉/供//
󲜽,总是//
󲜾,计较//
󲜿,斜靠/靠//
󲝀,煞气//
󲝁,语气助词//
󲝂,靠声/靠//
󲝃,呛//
󲝄,灰色/灰//
󲝅,胛骨/胛//
󲝆,锄头/锄//
󲝇,嫩草/青草/草//
󲝈,吹嘘/夸口/吹牛//
󲝉,危及/威胁//
󲝊,蝙蝠//
󲝋,瞪眼/瞪//
󲝌,钹//
󲝍,匪//
󲝎,研究//
󲝏,商议/议//
󲝐,拟声词//
󲝑,选择/选//
󲝒,蠕动/蠕//
󲝓,下方/下//
󲝔,惬意草//
󲝕,钻孔/钻/穿孔/穿//
󲝖,土蚕子//蚕子//
󲝗,制度//
󲝘,白杨树/白杨//杨/杨树//
󲝙,向祖宗祝告/祝告//
󲝚,鹰//
󲝛,寒冷/寒/冷/失望//
󲝜,管/筒//
󲝝,递给东西时的发音词//递东西/递给/给东西/给/递/发音词//
󲝞,玩/耍/玩耍//
󲝟,摇动/摇//
󲝠,锯/割//
󲝡,右//
󲝢,凹//
󲝣,认真//
󲝤,笔管草/节节草//草//
󲝥,绵羊毛/羊毛/棉//毛/绵羊//
󲝦,蹲//
󲝧,野葱/苦蒜//葱/蒜//
󲝨,丰盛//
󲝩,松球//
󲝪,葵花/葵//花//
󲝫,麻味/麻//
󲝬,纱线/纱//线//
󲝭,像/相同/同//
󲝮,额头/额/头//
󲝯,晒//
󲝰,行走/行/走//
󲝱,承受/承/受//
󲝲,开车//车//
󲝳,土茯苓//茯苓//
󲝴,松弛//
󲝵,耕/庄稼/耕牧//
󲝶,叛//
󲝷,萌发/萌芽/发芽//芽//萌//
󲝸,粉末/粉/面//
󲝹,稗//
󲝺,形容词缀//
󲝻,流星/星//
󲝼,豹/狼/豹狼//
󲝽,光/闪亮/闪//
󲝾,起疹子//疹子//
󲝿,山楂鸟//鸟//
󲞀,歧视/鄙视//
󲞁,轻快//轻/快//
󲞂,成活/活//
󲞃,溜滑/滑//溜//
󲞄,地名用词//
󲞅,传递/递/传//
󲞆,恨//
󲞇,手镯/镯//
󲞈,蜘蛛//
󲞉,纽扣//扣//
󲞊,稳当/稳//
󲞋,清洁/清/洁//
󲞌,蒿枝//蒿//
󲞍,笑呵呵/笑//呵//
󲞎,添补/添/补//
󲞏,水蒸气/蒸气//气/蒸//
󲞐,犀牛//牛//
󲞑,手巧/巧//
󲞒,拥挤/挤/人多//
󲞓,增添/增/添//增加//
󲞔,重叠词缀//
󲞕,箍//
󲞖,沉淀物//沉淀//
󲞗,雄性禽类/地名用词//雄性/雄/禽/禽类//
󲞘,墙//
󲞙,搂卷//卷//
󲞚,麻木//麻//
󲞛,小跑/慢跑//跑//
󲞜,君/人名用词//
󲞝,条//
󲞞,和睦/友好/爱好//睦//
󲞟,牛犁担//担/牛犁//
󲞠,向后仰//仰//
󲞡,吃草//
󲞢,谎//
󲞣,甲/人名用词//天支//
󲞤,升//
󲞥,悬挂/悬/挂//
󲞦,连接//连//
󲞧,凑在一起/凑//一起//
󲞨,镰刀/镰//刀//
󲞩,边/方面//
󲞪,噗//
󲞫,面颊/颊//面//
󲞬,果断//
󲞭,天//
󲞮,火//
󲞯,穿衣/穿//衣/穿衣服/衣服//
󲞰,王//
󲞱,蚱蜢//
󲞲,板栗//栗//
󲞳,二十//20//
󲞴,晴/太阳神//太阳/神//
󲞵,人/他们/领导//
󲞶,丛/簇//
󲞷,蛾子/蛾//
󲞸,下降/下/降//
󲞹,兄//
󲞺,抵/顶/撑/支撑/支持///
󲞻,害羞/羞//
󲞼,争夺/曲解//
󲞽,埋葬/埋//葬//
󲞾,就丛//丛//
󲞿,单独/单/独//
󲟀,晃荡/晃//荡//
󲟁,搾//
󲟂,魔芋//芋//
󲟃,祖母/奶奶//
󲟄,产生/壬//天干//
󲟅,纯净/净//纯//
󲟆,缝//
󲟇,络绎不绝//
󲟈,起泡//泡//
󲟉,火草//草//
󲟊,涂抹/敷//涂/抹//
󲟋,大后天//第三天//
󲟌,宽//
󲟍,祷告//祷//
󲟎,脱落//落//
󲟏,幼/幼小//小//
󲟐,源//源头//
󲟑,跟随/伴随/侍从/部下//随/伴/跟//
󲟒,相信/信//
󲟓,绞痛//痛/绞//
󲟔,酒//
󲟕,沾泥巴/沾//泥巴//
󲟖,拧紧/扭紧//拧/扭//
󲟗,前/首先/开始/先前/事先//先/首//
󲟘,睡觉/睡//
󲟙,瞎//眼瞎/瞎子//
󲟚,坐//
󲟛,虫//
󲟜,菜刀//刀//
󲟝,声明//
󲟞,会/工匠//匠//
󲟟,背部/背//
󲟠,威望//
󲟡,绝种//
󲟢,菜苔//苔//
󲟣,矛//
󲟤,草果//
󲟥,阿//
󲟦,因为/因//
󲟧,土目/官家//头目/官//
󲟨,熏烫//烫//
󲟩,突然//
󲟪,背物/背//
󲟫,丙//天干//
󲟬,下巴//
󲟭,食用肉的前缀词素/喜鹊//肉//
󲟮,大口地吃//吃//
󲟯,论说/论/说//
󲟰,雄性家畜//家畜/雄性//
󲟱,神位/肺//
󲟲,半//
󲟳,戏弄/逗乐//
󲟴,墙壁的洞眼//墙壁/洞//
󲟵,可惜//惜//
󲟶,坤/坤卦/人名用词//卦//
󲟷,不止/不仅//
󲟸,鸣/叫//
󲟹,泥土//
󲟺,高/人名用词//
󲟻,岩//
󲟼,分//
󲟽,责任//
󲟾,傍晚//
󲟿,瞄准//
󲠀,戳//
󲠁,捆/把//
󲠂,并排//排//
󲠃,韭菜//
󲠄,碎/自己的//自己/自//
󲠅,斧头/斧//
󲠆,一下/稍微//
󲠇,胡须/须//
󲠈,乙//天干//
󲠉,滴水//滴//
󲠊,灵活//
󲠋,主人/主//
󲠌,哪//
󲠍,钱//
󲠎,走/走了//
󲠏,抚育/渐渐/殷殷//育/渐//
󲠐,油腻/腻//油//
󲠑,很/最/更/极/大//
󲠒,彗星//星//
󲠓,啄木鸟啄树声//啄木鸟/啄//
󲠔,擀//
󲠕,考虑//
󲠖,准备/预备//
󲠗,箭头//箭//
󲠘,叙述/发表/讲/讲述//
󲠙,昌盛//盛/昌//
󲠚,涨//
󲠛,毒/草乌/巴豆/半夏//
󲠜,猫/狗的白花前肢//猫/狗/前肢//
󲠝,蚯蚓//
󲠞,乃是//
󲠟,稠密//密//
󲠠,肥沃/后年//肥/沃//
󲠡,呢/那么//
󲠢,毛发乱/汗毛//毛/发//
󲠣,雾霭//雾//
󲠤,姐姐/姐//
󲠥,再生作物//作物/再生//
󲠦,兔子/卯//地支/兔//
󲠧,放牧/耕牧/庄稼//牧/耕//
󲠨,笛子//笛//
󲠩,村落/城/百姓/群众//村//
󲠪,闪亮//闪/亮//
󲠫,仔鸡//母鸡/鸡//
󲠬,胀//
󲠭,餐/顿//
󲠮,踢//
󲠯,抽打//打//
󲠰,母猪//
󲠱,出嫁//嫁//
󲠲,铅//
󲠳,更加/草席//更/席//
󲠴,跌跌撞撞/歪歪倒倒//歪//
󲠵,怜悯//怜//
󲠶,兴盛//兴/盛//
󲠷,形容词缀//
󲠸,狗/戌//地支//犬//
󲠹,大后天//后天//
󲠺,射//
󲠻,搂//
󲠼,转嘎//
󲠽,避免//避//
󲠾,搅/拌//搅拌//
󲠿,和/也许/可能//
󲡀,颤动//颤//
󲡁,牛/丑//地支//
󲡂,捋//
󲡃,大小/长幼//大/小/长/幼//
󲡄,美丽/漂亮//美//
󲡅,把/给//
󲡆,减//
󲡇,绞痛/酸痛//痛//
󲡈,内/里/坐下//坐//
󲡉,生命/脉搏/命脉//命/脉///
󲡊,疟疾//疾/疟//
󲡋,抖掉//抖//
󲡌,生荒地//荒地/地/荒//
󲡍,锄头//锄//
󲡎,喊//
󲡏,锥//
󲡐,插柴//柴/插//
󲡑,倾斜//斜//
󲡒,铁//
󲡓,水牛//牛//
󲡔,仔牛//牛//
󲡕,惊慌//惊/慌//
󲡖,秸秆/干草//草//
󲡗,草垫/篾席//草//
󲡘,锋利//锋
󲡙,跛//
󲡚,本钱//钱
󲡛,伙伴//伴/同伙/朋友
󲡜,一定的数量//数量
󲡝,推动//推
󲡞,诚实//诚
󲡟,奴婢//奴/婢
󲡠,反叛//叛
󲡡,帐//
󲡢,鼻涕//涕
󲡣,田埂//田/埂
󲡤,堆//
󲡥,季节//
󲡦,锁边//锁
󲡧,黄果/牛虻//虻
󲡨,适应/地名用词//
󲡩,焖饭//焖/饭
󲡪,用餐毕//用餐/毕
󲡫,追问//问
󲡬,密//
󲡭,芒//
󲡮,陡峭/先生/师傅//
󲡯,挖//
󲡰,用手掐//掐
󲡱,掐//
󲡲,洞房//
󲡳,编辫子//编/辫子
󲡴,肥//
󲡵,佐餐/下酒/下饭//酒/饭
󲡶,掉下/落下/澜沧江//掉/落
󲡷,麻痛//痛/麻
󲡸,当然了//当然
󲡹,丛很狭窄的地方通过//狭窄/通过
󲡺,耳语//语
󲡻,幽默/风趣/诙谐//趣
󲡼,察觉/发现//察
󲡽,白生生//白
󲡾,寄生茶//寄生/茶
󲡿,挺肚子//挺/肚子
󲢀,柜//
󲢁,秃//
󲢂,土坎//坎/土
󲢃,脊椎凹陷处//脊椎
󲢄,阴天/冬眠//冬/阴
󲢅,浅//
󲢆,拉屎//屎/大便/上厕所/厕所
󲢇,不好//
󲢈,些//
󲢉,阻挡/阻拦/堵截//阻/拦/挡
󲢊,低/矮//
󲢋,盟誓//誓
󲢌,丢脸/拟声词//脸
󲢍,高兴得发狂/重叠词缀//高兴
󲢎,渣蓬蓬/形容树木枝叶繁茂//树/叶
󲢏,重叠词缀//
󲢐,角落//
󲢑,卧倒/倒下//卧/倒
󲢒,衣/古星星用词/汉族//星星/古语
󲢓,渐渐//
󲢔,泣/形容词缀//
󲢕,假//
󲢖,有//
󲢗,楼梯//梯
󲢘,市镇/街道/场坝//街/市/镇/城
󲢙,和平//
󲢚,鸟鸣叫//鸟/叫/鸣
󲢛,搂//
󲢜,胜//
󲢝,歪斜//歪/斜
󲢞,柚栗子/一种灌木//灌木柚/栗子
󲢟,掺和//掺
󲢠,肥料/粪//
󲢡,弓//
󲢢,人命债//债/命/人命
󲢣,手下/管辖/辖区//辖/管
󲢤,日/太阳/福禄/福禄神/东方//福
󲢥,投降//降
󲢦,炉/堆//
󲢧,凸突出//凸/突出
󲢨,祖宗/祖灵/祖宗的神位//神位
󲢩,睡醒//醒
󲢪,闲//
󲢫,祭祀用的猪//祭祀/猪
󲢬,制作//
󲢭,佩服//佩
󲢮,胡椒//椒
󲢯,谁人//谁
󲢰,印//
󲢱,恩情//恩
󲢲,柜子//柜
󲢳,头/只/根/条/课//
󲢴,皮壳/花生//皮
󲢵,山谷//山/谷
󲢶,自然成团/团结//团
󲢷,上//
󲢸,政令/政策/人名用词//
󲢹,花/花斑//
󲢺,处/圈//
󲢻,蓑衣//衣/蓑
󲢼,
󲢽,仇/敌/打仗//
󲢾,磨损//磨
󲢿,门//
󲣀,放/转//
󲣁,借/要还原物/无须//不用/还
󲣂,搬移//搬
󲣃,祭献//祭
󲣄,下子/会儿//一下子/一会儿
󲣅,织//
󲣆,古/先/前//
󲣇,野猫/黄鼠狼//狼
󲣈,又//
󲣉,噢/应允声//应/应答
󲣊,印章//印
󲣋,将要//将
󲣌,丧祭歌//丧/祭/歌
󲣍,玻璃//
󲣎,奉养//养
󲣏,用嘴拱//拱
󲣐,堆//
󲣑,芦苇//
󲣒,锅/锅//
󲣓,掷/瘊子/肉瘤//瘤
󲣔,空/零//
󲣕,对正/对准//准
󲣖,梯//
󲣗,毛发//毛/发
󲣘,可爱//
󲣙,申报/禀报//报
󲣚,线索//
󲣛,雇工//雇/工/工人/员工
󲣜,顽皮/俏皮//
󲣝,夜//
󲣞,不好意思/难为情//
󲣟,逮捕//
󲣠,缴纳//缴
󲣡,架子猪//猪/育/肥
󲣢,短//
󲣣,制造//制/造
󲣤,酒曲//酒
󲣥,调拌/搅//拌搅
󲣦,牛奶//奶
󲣧,祭牲//祭
󲣨,麻风病//病
󲣩,摇摆//摇
󲣪,豆荚//豆
󲣫,查认字//字/认认字
󲣬,劈//
󲣭,干//
󲣮,手指/脚趾//
󲣯,收拢//
󲣰,冷//
󲣱,移栽//
󲣲,霹雳//
󲣳,前天//
󲣴,耙//
󲣵,结合//
󲣶,吓唬/吓跳//吓
󲣷,排行第二/次//第二/二
󲣸,筛子/篦子/织机篦//
󲣹,麻烦//烦
󲣺,糟蹋//糟
󲣻,嗜好//嗜
󲣼,甄子//
󲣽,真理//理
󲣾,腾/挪//
󲣿,虎//
󲤀,顺利//
󲤁,席子//席
󲤂,续断/人名用词//
󲤃,北//
󲤄,糠//
󲤅,记忆//忆
󲤆,灰尘//灰/尘
󲤇,英勇/顽强//勇/强
󲤈,铺垫/凳子//垫/凳/椅子/椅
󲤉,痣//
󲤊,城墙//墙
󲤋,蚂蝗//
󲤌,们//复数
󲤍,薅/除草/拔除苗间的草//草
󲤎,泡//
󲤏,拐骗人//骗人/拐/骗/拐骗
󲤐,男子汉//男
󲤑,苍蝇//蝇
󲤒,隐瞒//瞒
󲤓,疗疮//
󲤔,刺//
󲤕,瞄准//瞄
󲤖,和谐/和蔼//
󲤗,脏/臭//
󲤘,笛子/捉鬼//鬼
󲤙,压//
󲤚,脚趾被碰//碰/脚趾
󲤛,榫头//榫
󲤜,青年//年轻人
󲤝,出事故//事故/出事
󲤞,秋//
󲤟,折叠//折/叠
󲤠,难//
󲤡,快//
󲤢,敏捷//敏
󲤣,酸痛/疾病//痛/病
󲤤,灭绝//灭/绝/消失
󲤥,重叠词缀//
󲤦,芭蕉/香蕉//蕉/
󲤧,植物的嫩颠尖//植物/嫩颠尖/嫩尖/尖
󲤨,雨/冰雹//雹
󲤩,屁//
󲤪,点燃//燃
󲤫,甜//
󲤬,一绺线//线/绺
󲤭,传承//传
󲤮,拳头//拳
󲤯,祭祀//祭
󲤰,荫//
󲤱,封/包//
󲤲,烧/焚尸/火葬//葬/焚
󲤳,嗫嚅//
󲤴,布谷鸟/小杜鹃花//杜鹃花
󲤵,一//1
󲤶,弹//
󲤷,苔//
󲤸,抛弃//弃
󲤹,眨眼//眨
󲤺,十//10
󲤻,滴水//水/滴
󲤼,心胸//心/胸
󲤽,取蜂蜜//蜂蜜/蜜
󲤾,病/痛//
󲤿,立即//
󲥀,越过//越
󲥁,德行//德
󲥂,星//
󲥃,把//
󲥄,二//2
󲥅,皱//
󲥆,牢固//牢/固/坚固
󲥇,害//
󲥈,说//
󲥉,核//
󲥊,耽搁//
󲥋,稀烂//稀/烂
󲥌,帮助//帮/助
󲥍,根/头/个/条/只//
󲥎,绘画//绘/画/画画
󲥏,昨晚//晚
󲥐,俯卧//俯
󲥑,尸体//尸
󲥒,朝/向//
󲥓,东//
󲥔,干燥/穷困//穷/燥/干
󲥕,磨//
󲥖,安心//放心
󲥗,顽皮/俏皮/开玩笑//玩笑
󲥘,挑拨//
󲥙,祖禄//祖/禄
󲥚,//
󲥛,侧身//侧
󲥜,骑//骑马/骑车/骑牛
󲥝,纠缠//
󲥞,认真//
󲥟,肝/生血菜//血/生血/凉拌猪血
󲥠,拟声词//
󲥡,书/字/书信//字典
󲥢,三//
󲥣,柱子/极//柱
󲥤,拼力/咬//
󲥥,栽/种植//种
󲥦,螳螂//
󲥧,麻疹//
󲥨,壁虎//
󲥩,声音//声
󲥪,荸荠//
󲥫,齐//
󲥬,妨碍//碍事/碍
󲥭,烧肉的气味//烧肉/烧/气味
󲥮,火旺//火
󲥯,事情/事故//
󲥰,彝//
󲥱,红/火旺/部落名/地名用词/人名用词//
󲥲,堵//
󲥳,松脱//松
󲥴,西方//西
󲥵,摇动//摇
󲥶,沉甸//沉/沉甸甸
󲥷,哼//
󲥸,下雨//雨
󲥹,摇摆/蠕动//摇/蠕
󲥺,随便/胡乱/很/不得了//
󲥻,手/私房/翅膀/胡琴//琴/私
󲥼,山谷//山/谷
󲥽,高山峻岭/凤凰//山高山/凤/凰
󲥾,淤//
󲥿,镰刀//镰/刀
󲦀,脱//
󲦁,纸/书//
󲦂,降落/落下//落
󲦃,络绎不绝//绝/不断
󲦄,围堵/围攻//围
󲦅,拨/扯/词素//
󲦆,马笼头//马
󲦇,嫌人//嫌/嫌弃
󲦈,赚钱//赚/钱
󲦉,转动/转//
󲦊,设/购/添置//
󲦋,切//
󲦌,盛粮食的围席//粮食/盛/盛粮食/席
󲦍,说话切题//说/话/说话
󲦎,谢谢//谢
󲦏,童裙/北斗七星//北斗/星
󲦐,噎嗝//噎
󲦑,戏//
󲦒,天/日期//期
󲦓,七/人名用词//7
󲦔,认错//错
󲦕,吆猪声//猪/吆/赶
󲦖,楼//
󲦗,蕨苔//蕨
󲦘,搔//挠/痒
󲦙,骗//
󲦚,顶好/最好//最/好
󲦛,解大便/解小便//便/上厕所/大便/小便
󲦜,突然//
󲦝,刀//
󲦞,与/互相//相互
󲦟,得/回答//答
󲦠,亲爱//亲近/爱
󲦡,先前//
󲦢,傻//
󲦣,花蕾//花/蕾
󲦤,万//10000
󲦥,水沸腾/水泛滥/水冒//水/沸腾/泛滥
󲦦,海拔较低的河坝地区/亚热带//河坝/热带
󲦧,根由/格言/谚语//言/语
󲦨,受伤//伤
󲦩,参与/方面//
󲦪,襁褓//被子/婴儿/毯
󲦫,钢//
󲦬,开//
󲦭,背//
󲦮,小腿肚//腿/小腿
󲦯,颤抖//
󲦰,婆家//婆
󲦱,茁壮//茁/壮
󲦲,身体/洗澡/月经//澡/洗/大姨妈
󲦳,芦笙/竹笙//竹
󲦴,作客//做客
󲦵,漏斗//
󲦶,庄稼地里的杂草//庄稼/杂草/草
󲦷,各自//自/各
󲦸,向前冲//冲/向前
󲦹,做/地名用词//
󲦺,人名用词/表示惊讶//惊讶
󲦻,罚//
󲦼,可惜//惜
󲦽,擂//
󲦾,进/入//进入
󲦿,桌子/磨担秋//磨/桌
󲧀,集中精力听//精力/集中/听
󲧁,同时//
󲧂,分数//积分/成绩
󲧃,臁疮//
󲧄,炷//
󲧅,腥气/膻味//腥/鱼腥
󲧆,潮湿//湿/潮
󲧇,密//
󲧈,生长着/人名用词//生长
󲧉,居住/基业/地名用词//住
󲧊,神//
󲧋,木炭/樟木/香杉//杉/炭/樟/樟树
󲧌,行动迟缓/慢//迟缓/缓/行动
󲧍,雄伟//
󲧎,抚摸//
󲧏,忍//
󲧐,绣花//
󲧑,舂融//
󲧒,双手围/抱//
󲧓,下//
󲧔,剃头修面//
󲧕,清晰明亮//
󲧖,算了/罢了//
󲧗,愁闷//
󲧘,龙胆草//
󲧙,草果缓和//
󲧚,儴解//
󲧛,能装//
󲧜,绩麻//
󲧝,芽//
󲧞,坡//
󲧟,朋友//朋/友
󲧠,近//
󲧡,灰彩页//页
󲧢,鼻//
󲧣,逗小孩//逗
󲧤,植物出芽//芽/发芽
󲧥,硝/硝//
󲧦,秧苗//苗
󲧧,孙//孙子
󲧨,电//
󲧩,散乱//乱
󲧪,楼枕//楼
󲧫,坑道//坑
󲧬,松/宽松//
󲧭,较量//
󲧮,遮挡//遮/挡
󲧯,祭献//
󲧰,麻雀//雀
󲧱,填塞//塞
󲧲,纸张/衣服破烂//纸/衣/衣服
󲧳,葱/拟声词//
󲧴,尾巴//尾
󲧵,赚钱/挣钱//钱/赚
󲧶,彝语北部方言/圣乍次方言//
󲧷,锦/锦江//江
󲧸,炼//
󲧹,紧/忙/着急//
󲧺,遗传//
󲧻,茶//
󲧼,忍饿//饿
󲧽,酸角//酸
󲧾,制度/规矩/法律/原则//法/度
󲧿,肺//
󲨀,气阻//
󲨁,粉青色/花白色//青/白/白色/青色
󲨂,六/六祖//
󲨃,缺//
󲨄,怀孕//孕
󲨅,走动/散步//走/步
󲨆,向上冒//上
󲨇,青/地支/人名用词/地名用词//
󲨈,踩//
󲨉,从上下滑声//滑声
󲨊,谢谢//
󲨋,领牌/古怪//
󲨌,保佑//
󲨍,小时//时
󲨎,糊焦//
󲨏,犁//
󲨐,屋檐下//屋檐
󲨑,小路/毛路//路
󲨒,大象//象
󲨓,康复//
󲨔,语气词//语气
󲨕,九节狸/黄腰狸/白面狸/花狸//狸
󲨖,畜牲//
󲨗,拌/调//
󲨘,削尖//削
󲨙,关/闭//
󲨚,乒乒砰砰//
󲨛,群//
󲨜,臀部//臀/屁股
󲨝,翘//
󲨞,剖开//剖
󲨟,落//
󲨠,芋头//
󲨡,彗星//星
󲨢,离开群体//离开
󲨣,鬼//
󲨤,蝴蝶//
󲨥,监狱//
󲨦,帮//
󲨧,捆//
󲨨,核桃//
󲨩,忘记了/老鼠//忘
󲨪,兵/军//
󲨫,发给//
󲨬,鬼作祟/冤衍//作祟
󲨭,弟兄//兄弟
󲨮,力//
󲨯,灶孔//
󲨰,虐待//
󲨱,班/辈//
󲨲,捏//
󲨳,挤奶//奶
󲨴,磨//
󲨵,癫痫病//癫痫
󲨶,林//森林
󲨷,大麦//麦
󲨸,换工//换班
󲨹,围堵//围
󲨺,拿着/握//拿
󲨻,喷嚏//
󲨼,累/疲倦//
󲨽,下方//下
󲨾,泡/加盐佐料泡//
󲨿,死板/不灵活//
󲩀,割//
󲩁,鸽子/斑鸠//
󲩂,背扇//
󲩃,火镰/火石//火
󲩄,镶//
󲩅,肮脏/污染//
󲩆,吸烟//
󲩇,寻觅踪迹//
󲩈,跳//
󲩉,舒适/补药//
󲩊,吸吮//
󲩋,敬奉/祝酒//
󲩌,贷/借//
󲩍,庶民//民
󲩎,豆腐//
󲩏,尺度//
󲩐,恶龙//龙
󲩑,鲸鱼//鲸
󲩒,瘦肉/精肉//肉
󲩓,燕子/蟋蟀叫声//蟋蟀
󲩔,禁止//
󲩕,兆//
󲩖,传染//
󲩗,生气/发怒//
󲩘,栖息/穴居/群窝//
󲩙,称/衡量/量//
󲩚,岔开//岔
󲩛,穿串//穿/串
󲩜,柿子//柿
󲩝,麸皮//麸
󲩞,玉//
󲩟,禁不住发笑的声音//笑
󲩠,前后/周围//
󲩡,天井//井
󲩢,明天//明
󲩣,石沙//沙
󲩤,取钱//钱
󲩥,卡//
󲩦,站立//站
󲩧,嘴//
󲩨,发烧//
󲩩,倒塌//塌/倒
󲩪,一切//所有
󲩫,什么//哪样
󲩬,招手//
󲩭,威胁//
󲩮,吉利/人名用词//吉祥
󲩯,留念/下//纪念
󲩰,药//
󲩱,沼泽地/人名用词//沼泽
󲩲,钻/凿//
󲩳,墨水//墨
󲩴,潲雨/白鹇//鹇/雨
󲩵,住宿//
󲩶,揉//
󲩷,棕树//棕
󲩸,抱//
󲩹,狠//
󲩺,碰//
󲩻,除掉//
󲩼,傻子//傻
󲩽,定//
󲩾,花衣服//上衣/盛装//
󲩿,角落/拐角//
󲪀,饲养槽//槽
󲪁,质量特差//差/质量差/不好/
󲪂,胎盘//
󲪃,向神许愿//许愿/祈祷
󲪄,总是//
󲪅,堵塞//
󲪆,扫//
󲪇,形容词缀//
󲪈,焙//
󲪉,辛苦/劳累//
󲪊,对姨母/婶娘/伯母等的间接称呼//姨母/婶娘/伯母
󲪋,故事//
󲪌,家/户//
󲪍,过关祈福//祭祀/祈福/祭
󲪎,用手剔//剔
󲪏,突然/忽然//
󲪐,守卫/保卫//守
󲪑,慎重//慎/小心
󲪒,哼/叫//
󲪓,粗糙//
󲪔,戴//
󲪕,子弹上膛//上膛
󲪖,过新年//过年
󲪗,饱满//丰满/满
󲪘,天井//井
󲪙,满//
󲪚,发热//
󲪛,轿子//
󲪜,悲伤/疲倦//累
󲪝,板面孔//板着脸
󲪞,丢/扔/抛弃//
󲪟,伴随//
󲪠,堆尖/过分//尖/堆
󲪡,场/坝子/街道/场坝/场//
󲪢,减少/减产//减
󲪣,止沸//
󲪤,扇//
󲪥,开裂//
󲪦,熟地//熟
󲪧,皇帝//皇/帝
󲪨,香味//香
󲪩,菲篥//乐器
󲪪,落在/掉在//落/掉
󲪫,在//
󲪬,汉族/商//
󲪭,征税//税
󲪮,绺//
󲪯,起泡//
󲪰,我//
󲪱,八//8
󲪲,拜年/拜天地//拜
󲪳,族人/某地/某类人/姑父/公公//族
󲪴,乐器的簧片//簧片
󲪵,田埂//埂
󲪶,语气助词/嘛//
󲪷,孵//
󲪸,混沌/浑浊//
󲪹,制造//制
󲪺,剪/裁剪//
󲪻,抬高/垫高/敷衍//垫
󲪼,一同/同时//
󲪽,皴裂//皮肤裂开
󲪾,爱惜//爱/惜
󲪿,节省//
󲫀,的//的人
󲫁,掌握/人名用词//
󲫂,次第//
󲫃,起//
󲫄,扶老/扶弱//锄强扶弱
󲫅,敲打/击打/斗殴//
󲫆,拘禁/禁闭//
󲫇,浓//
󲫈,决定//
󲫉,通达//通
󲫊,能//
󲫋,耍//
󲫌,丢弃//丢/遗弃
󲫍,祷告//祈祷
󲫎,颤抖//
󲫏,仇怨//
󲫐,生/繁殖//
󲫑,挺胸/腰/肚//
󲫒,惩治//
󲫓,重/沉甸甸//沉
󲫔,叙述/彝文文献的一种//文献
󲫕,重叠词缀//
󲫖,闺女/地名用词//
󲫗,动//
󲫘,挥舞/抡/地名用词//
󲫙,篇//
󲫚,闲//闲人/游手好闲//
󲫛,后脑勺//后脑
󲫜,词素//
󲫝,篱笆//围栏
󲫞,孤/寡//
󲫟,秋千/招古//祭祀/祭
󲫠,乍/人名用词/乍木//毕摩
󲫡,向神还愿//还愿
󲫢,唆狗//狗
󲫣,寻/找//
󲫤,安放//
󲫥,凑在一起//一起/凑
󲫦,俯冲//
󲫧,脚//
󲫨,蟋蟀//
󲫩,经过/通过//
󲫪,镊子//
󲫫,年景/三界四极//三界
󲫬,雨停/集市散//雨/停/散
󲫭,从//
󲫮,木盔餐具//木盔/餐具
󲫯,断定//
󲫰,零碎//碎
󲫱,房//
󲫲,替他/她做//替/帮他/她做
󲫳,同类//
󲫴,豆荚/酸角//
󲫵,笨/不灵活//
󲫶,说/语言//
󲫷,唢呐//
󲫸,客/做客/客店//
󲫹,漂/树叶水上漂//
󲫺,窄//
󲫻,武/武慕/皇帝/武僰///
󲫼,形容词//
󲫽,鹿//
󲫾,用手指撮/撮//
󲫿,脊椎凹陷处/幽默/风趣/诙谐//脊椎
󲬀,应该//应
󲬁,钉子//钉
󲬂,歪斜//歪/斜
󲬃,防备//
󲬄,禁忌//
󲬅,首长//
󲬆,强/强权//
󲬇,蜥蜴//
󲬈,口/乳/胸罩//
󲬉,牛马劳伤//劳伤/伤/劳
󲬊,虚荣/爱打扮/地区/区域/那里//
󲬋,如/及//我不及他
󲬌,倒/翻//翻车
󲬍,推/掀//
󲬎,鞋子//
󲬏,厩/一圈羊//圈
󲬐,衣服皱//皱
󲬑,劝酒/饭//酒/劝
󲬒,坟墓//墓/坟
󲬓,公牛//牛
󲬔,生意做成//生意/做成/成
󲬕,奴婢/奴隶/伺候/服侍/人名用词//
󲬖,多/余/剩//多余/剩下
󲬗,债务//欠钱/欠账
󲬘,交叉着/交错/裙子//交叉
󲬙,胆//猪胆/熊胆//
󲬚,样//花样/模样/样子//
󲬛,马嚼环//嚼环/马
󲬜,枪//手枪//
󲬝,裤腰//
󲬞,偿还/赔偿//赔/偿
󲬟,闪电//雷
󲬠,关系//没有关系/没关系//
󲬡,接/迎接客人//迎接
󲬢,笑//
󲬣,刀鞘//鞘/剑鞘
󲬤,通达/知晓/懂得//知道
󲬥,砍柴刀//刀
󲬦,碗//
󲬧,晕/头晕//
󲬨,等待/等候//等
󲬩,须根//根
󲬪,煮/煮酒颗//
󲬫,射箭//箭
󲬬,梦呓/梦语/梦话//说梦话
󲬭,温暖/晒太阳//暖和
󲬮,纠缠/报应恶果//报应
󲬯,摔掉/摔跤/被马摔下//摔
󲬰,权/政权/执法/司令/权势//
󲬱,用//用钱/用筷子
󲬲,勇/勇敢//
󲬳,取//取火种
󲬴,拟声词//
󲬵,栓栓猪/系栓猪//
󲬶,搅浑浊把水搅浑了/搅转//浑浊/搅
󲬷,物体落水声/零零碎碎//
󲬸,戴/穿鞋子//
󲬹,担任//担任工作/
󲬺,吗/语气助词//
󲬻,樱桃/地名用词//
󲬼,炸//爆炸//爆
󲬽,急火烧/拟声词拖木//棒之声//
󲬾,归属//
󲬿,成见//
󲭀,辛苦/气/疲倦//倦
󲭁,驮//
󲭂,马镫//镫
󲭃,犟//
󲭄,编//编篱笆
󲭅,路/道理//理
󲭆,索梯/船桨//桨/梯
󲭇,生气//怒
󲭈,放无响声的屁//放屁/屁
󲭉,悲恸//悲
󲭊,冠//冠子
󲭋,排行第五//五/5
󲭌,收/收庄稼/招/招工//
󲭍,肋骨//骨
󲭎,茬/季//大季/小季
󲭏,毕摩的法帽//帽/法帽
󲭐,开裂//裂
󲭑,片//
󲭒,肮脏//脏
󲭓,呢/吗/啊//
󲭔,枯萎//枯
󲭕,展览//展
󲭖,因为//因
󲭗,提花/刺绣的一种方法/地名用词//刺绣
󲭘,稀疏/词缀//疏
󲭙,幼/小/兄弟/姐妹/家族/婶婶/后娘/幺//
󲭚,糯谷/糯米//糯
󲭛,簸//铲
󲭜,天明/天亮//
󲭝,拌/荞圪塔/蒸饭//
󲭞,蔫//
󲭟,供养//养
󲭠,点//点豆腐/点眼药水//
󲭡,催//催促
󲭢,形容词缀//
󲭣,折磨//
󲭤,涂抹/乌马/孔雀//黑
󲭥,炒面//面
󲭦,枯萎//枯
󲭧,瘿袋/大脖子//
󲭨,踩水/游泳的一种动作//游泳
󲭩,口袋//袋
󲭪,初一//第一天
󲭫,听//
󲭬,挑箩//背箩/箩
󲭭,啃/咬//
󲭮,砚台//砚
󲭯,啊//
󲭰,盖/建/
󲭱,严重/惨重//
󲭲,钩//
󲭳,驯服/田埂//埂
󲭴,幅/匹//布
󲭵,说明/过分//
󲭶,送脱//送
󲭷,家//你家/我家/他家//
󲭸,富裕//富
󲭹,母羊舔崽//舔
󲭺,甩//
󲭻,强调//
󲭼,量词/双/对/双数/偶数//
󲭽,亮晶晶//亮闪闪/亮
󲭾,马铜铃//铃/铜铃
󲭿,踏脚//踏
󲮀,拐杖//杖
󲮁,埋怨//怨
󲮂,芋头//芋
󲮃,印记/线索/迹象//
󲮄,静悄悄//静
󲮅,丢/投掷//
󲮆,闪动//闪
󲮇,八角//
󲮈,延缓时间/缓期//
󲮉,斗笠//笠
󲮊,团//
󲮋,迟//
󲮌,山羊//羊
󲮍,晌午//
󲮎,错//
󲮏,燕麦//
󲮐,果断//
󲮑,砸//
󲮒,宝剑//剑
󲮓,蚁//蚂蚁
󲮔,关心//担心
󲮕,细等//粉末
󲮖,槽//
󲮗,到//
󲮘,砂锅//锅
󲮙,鸡/酉/地名用词/芫荽//地支
󲮚,无兴趣/无力气//没兴趣/没力气
󲮛,马叫/羊叫//叫/嘶
󲮜,急食//急
󲮝,保护/担保//保
󲮞,价值/价格//价
󲮟,卷衣袖/裤脚等//卷
󲮠,碓担//碓
󲮡,豁出//豁
󲮢,破/损//破损
󲮣,苗族//
󲮤,不//不是
󲮥,毛茸茸/面容憔悴//憔悴
󲮦,堵塞洞口//堵
󲮧,红红的//
󲮨,边缘/棱角//边/棱/角
󲮩,椒类//椒
󲮪,取下//拿下
󲮫,语音清脆//清脆/干净
󲮬,估计/估量//估
󲮭,眼睛盯着看//盯/看
󲮮,一下/一会儿//一会
󲮯,砣//
󲮰,赊账//赊
󲮱,袜子//袜
󲮲,顽皮/俏皮//
󲮳,肯//
󲮴,清明//
󲮵,光/赤//裸/赤裸
󲮶,顶替//替
󲮷,使动//使
󲮸,死板/不灵活//
󲮹,安慰/诓//慰
󲮺,扁形//扁
󲮻,哄//骗
󲮼,牵/延申/发展/昌盛//延/旺/盛
󲮽,撒播//播/撒
󲮾,撕//
󲮿,汗渍/污垢//污/渍
󲯀,样//
󲯁,渺小/细微//细/小
󲯂,康复//
󲯃,笙//
󲯄,毡子//毡
󲯅,啊呀/表示叹息//叹息/可惜
󲯆,半夏//夏
󲯇,筐/箩/笼///
󲯈,羡慕//羡
󲯉,额头//额
󲯊,华美//华丽/美/华
󲯋,纠缠//
󲯌,间/之间//
󲯍,盐/咸//
󲯎,积钱/攒钱//攒/钱
󲯏,牲畜刨地//刨
󲯐,冻菌//菌
󲯑,虎//
󲯒,心慌//慌
󲯓,花斑纹//斑/花纹
󲯔,拟声词//
󲯕,盖屋顶//屋顶/盖房顶/房顶/盖
󲯖,出力/奉献//贡献
󲯗,名声/身份/地位//名
󲯘,打破//打坏
󲯙,习惯//
󲯚,囤箩//箩
󲯛,设宴//宴/摆宴
󲯜,乱撕/乱扯//撕/扯
󲯝,草/泛指草类//
󲯞,苦//
󲯟,馋//
󲯠,叹息声/表示不如意//不如意/叹息
󲯡,挜/硬把东西送给或者卖给别人//送/卖
󲯢,盘/馆///
󲯣,籽粒饱满/壮实//饱满/壮
󲯤,便宜//实惠/优惠
󲯥,猪叫/拟声词//叫
󲯦,走样//变形
󲯧,凝结/凝固//凝
󲯨,砍柴刀//刀
󲯩,惊醒/易受惊/很有精神//受惊/精神
󲯪,软弱//弱
󲯫,拟声词/枪炮声//枪声/炮声
󲯬,杜鹃//
󲯭,瞌睡//睡
󲯮,稀巴烂//烂
󲯯,筲箕//箕/筲
󲯰,迁/启/取//
󲯱,碎//
󲯲,厦子小屋檐//屋檐
󲯳,填//
󲯴,姑父//姑丈/姑爹/姑爷
󲯵,以后//之后
󲯶,凡是//只要是
󲯷,欠债//欠/债
󲯸,免疫//
󲯹,饭//儿语
󲯺,掏沟、水井等//掏
󲯻,恨/讨厌//不喜欢
󲯼,知道/知识//
󲯽,捧//
󲯾,垫//
󲯿,喝/吸//
󲰀,獐子//獐
󲰁,偷盗//偷/盗
󲰂,正在//
󲰃,草鞋//鞋
󲰄,你、我、他们//
󲰅,显然//明显
󲰆,薄/稀疏//
󲰇,网//
󲰈,沤//
󲰉,告状//告/诉讼
󲰊,盛世//
󲰋,甩打//
󲰌,想/欲//
󲰍,天地/世上/凡间//
󲰎,可惜//
󲰏,得/助词//
󲰐,重叠词缀/毛发蓬松//蓬松
󲰑,害命//
󲰒,蟒//
󲰓,排行第四//第四/4
󲰔,合缝/合拢//缝/拢
󲰕,烤火/取暖//暖
󲰖,牛枷担/农具//担
󲰗,竹簾子/晒萝卜丝用//晒萝卜丝
󲰘,绸缎/衣//古语
󲰙,挑//
󲰚,婚姻/许配//许亲
󲰛,架/台//
󲰜,形容词缀/黑黝黝//
󲰝,伤/说话伤人/亏//
󲰞,纸/书刊/报纸//
󲰟,桩//
󲰠,事因//
󲰡,依靠/瞧得起//
󲰢,施底肥/用字//底肥/施肥
󲰣,连累/牵连//
󲰤,烟熏//熏
󲰥,可以//
󲰦,个/位/种/类//这种人
󲰧,代//
󲰨,奇数/单数//单
󲰩,钉//
󲰪,挺胸/挺腰/挺肚//挺
󲰫,骄傲//
󲰬,来//
󲰭,庹//
󲰮,过//
󲰯,爽快//直爽
󲰰,夏//
󲰱,图案//标志
󲰲,九//9
󲰳,对上级请求/对神灵祈求//请求/祈
󲰴,毛发蓬松//蓬松
󲰵,火镰//镰
󲰶,刀子的前缀词素/巴豆//刀/豆
󲰷,平安/顺利//
󲰸,钹/瓢//
󲰹,公马//
󲰺,蜥蜴//
󲰻,经络病//经络/脉络/病
󲰼,哄闹/喧哗//乱哄哄
󲰽,菌类/菌子//
󲰾,潜水//
󲰿,反扣//
󲱀,野山药/野苕//山药/苕
󲱁,扒攀援//扒/攀
󲱂,暴露//揭露/曝光
󲱃,准备/预备//备
󲱄,办事//做事/事
󲱅,整齐//
󲱆,物品/东西//物件
󲱇,建造/建盖//盖/造/建
󲱈,旅馆/客店//酒店/旅舍/旅店
󲱉,经常/天天//每天
󲱊,巴豆//药物/豆
󲱋,火/点火/火枪/火炮/火药//五行
󲱌,里面//里
󲱍,锋利//
󲱎,砍伐树木//伐/砍/砍伐
󲱏,清楚/透明/明白//了解/知道
󲱐,在/时态词//
󲱑,聪明/伶俐//
󲱒,边/界/方/矩形//
󲱓,边/面/后/跟随/继续/顶替//
󲱔,有//古语
󲱕,嘴巴//口
󲱖,猫的词尾//猫
󲱗,更替//替/更/换
󲱘,揭开//揭
󲱙,容易/很/不得了/慢//
󲱚,干瘪/秕//
󲱛,棕皮/棕树//
󲱜,连续不断地来//连续/不断
󲱝,婚配//许配/许亲
󲱞,解开/放出去/睁眼//放/解/睁
󲱟,熟过头//熟
󲱠,伤口发炎//发炎/感染
󲱡,别//不要
󲱢,应该//应
󲱣,钱财//钱
󲱤,道//路
󲱥,筑巢/做窝//巢/窝
󲱦,驾车//驾驶/开车
󲱧,签//
󲱨,包茅//
󲱩,家谱//族谱
󲱪,法术//魔法/巫术
󲱫,愿意//
󲱬,果吉/彝族家支//家支
󲱭,起泡//
󲱮,导//导线/导纱子
󲱯,您/敬称//
󲱰,孝帕//帕
󲱱,芝麻/亲戚//
󲱲,轴/轴承//车轴
󲱳,梧桐树//梧桐/梧/桐
󲱴,角落//
󲱵,断奶//
󲱶,行令/司令/布置/指挥//
󲱷,城市//
󲱸,垭/山垭//
󲱹,尽了/完了//完/尽
󲱺,利益/营养//
󲱻,退//
󲱼,五//5
󲱽,掉/开//
󲱾,越/愈//
󲱿,善/贤/吉/良/恩情//恩
󲲀,来由//原因
󲲁,摆设/陈列//
󲲂,交易/贩卖//卖
󲲃,滚//
󲲄,剥//剥板栗
󲲅,旗//
󲲆,轻率/马虎//
󲲇,屋脊/牛背峰//
󲲈,显然//
󲲉,大腿//腿
󲲊,妇女//女
󲲋,名//
󲲌,地/副词//
󲲍,祭牲//
󲲎,布缝接处//缝
󲲏,开辟//
󲲐,本事//能力
󲲑,刀刃/锋芒//刀/锋
󲲒,背子/背//
󲲓,干活//
󲲔,轻轻地走动//轻
󲲕,果蒂/事因/人名用词//
󲲖,泥鳅//
󲲗,采摘//采/摘
󲲘,完/吃完了//吃完
󲲙,抽/吸//
󲲚,穿针线//针
󲲛,幻术/魔术//
󲲜,押送//
󲲝,摔倒//摔
󲲞,亲家//
󲲟,项圈//
󲲠,棵//
󲲡,邀约/邀请//
󲲢,蹲//
󲲣,但是//
󲲤,结子/线团/打结//
󲲥,削砍/刨木板//刨/削
󲲦,垂落/和尚//
󲲧,件//
󲲨,了/助词//
󲲩,祖宗的的祠堂/神坛//祠堂/祖祠
󲲪,回忆//
󲲫,上/坎上/岩石上//
󲲬,去//
󲲭,用手掌打//打/掴
󲲮,弱//
󲲯,残废/瘫痪//残/废
󲲰,毁/坏//破坏
󲲱,舒畅//畅通
󲲲,仓/库//
󲲳,伤口发炎//发炎/感染
󲲴,灵敏//敏
󲲵,惩治//治/惩/罚
󲲶,尖//
󲲷,搭话/回答//搭
󲲸,掼稻子//掼
󲲹,输/败//战败/
󲲺,诅咒/赌咒//咒
󲲻,巡回转//巡回/转
󲲼,茂盛/树木/枝叶茂盛//
󲲽,贫穷/贫困//
󲲾,底下//底
󲲿,曲涅/彝族家支名//家支
󲳀,吃亏//亏
󲳁,磨刀霍霍//磨刀
󲳂,荣华//
󲳃,巧/灵活//
󲳄,舅舅//
󲳅,中/两者之间//
󲳆,缺乏/也许/可能//
󲳇,夜晚/天黑/暗/晚//
󲳈,栓/捆//
󲳉,土坎//坎
󲳊,苦味道/盐巴咸//苦/咸
󲳋,技术/技艺//
󲳌,何/什么/如何/怎样/怎么//
󲳍,酒醒//醒
󲳎,果子/粮食成熟//熟/果/水果/果实
󲳏,撂//
󲳐,喷水//喷/射水
󲳑,铠甲//
󲳒,放出池塘水/田水/排水//放水
󲳓,姓//
󲳔,嘴唇//
󲳕,强行使牲畜往一定方向走//赶/牵
󲳖,馒头/包子//
󲳗,震动感//震感/震
󲳘,浓/稠//
󲳙,膀胱//尿
󲳚,跟/同//和
󲳛,静//安静/平静
󲳜,清楚/明白//
󲳝,甥/姐夫/丈夫/赘婿//
󲳞,移动/挪动/让开/走开//移
󲳟,仙/细努罗/南诏开国国君//南诏
󲳠,压瘪//压
󲳡,趁/依靠//依
󲳢,陪伴//陪
󲳣,平均分摊//分/平均
󲳤,黄松//松
󲳥,张//弓
󲳦,自己//
󲳧,筲箕//箕
󲳨,火焰//火
󲳩,轮//
󲳪,板/木板/石板//
󲳫,小块//块
󲳬,救//
󲳭,很累//累
󲳮,抢劫//抢
󲳯,复活//活
󲳰,抽空//抽
󲳱,潜水//潜
󲳲,跨//
󲳳,誊抄//
󲳴,吵闹/叫嚷/喧哗//
󲳵,禁忌//禁
󲳶,火烟//火
󲳷,睫毛//眼睫
󲳸,封//
󲳹,烦躁//烦
󲳺,耍赖/无中生有//
󲳻,软绵绵//软
󲳼,椽子//椽
󲳽,骨头//骨
󲳾,锅庄石//锅/石
󲳿,心欠//内疚
󲴀,顺心/合心//顺
󲴁,引水//渠
󲴂,舒服/爽快//爽
󲴃,早晨//早
󲴄,前面//前
󲴅,片//
󲴆,斑鸠//鸠
󲴇,护//
󲴈,毛毛雨/沄雨//雨
󲴉,臀/腰杆//腰
󲴊,疮//
󲴋,鹌鹑//
󲴌,叶子烟//烟
󲴍,//
󲴎,远古//久远/古/上古
󲴏,端正//正
󲴐,骗//
󲴑,施人/古彝人的一支//
󲴒,抓/拿/螃蟹//
󲴓,也//
󲴔,野生作物//野生
󲴕,细敲//轻敲
󲴖,嫩芽//
󲴗,全/彻底//
󲴘,必要//必须
󲴙,任意/随便//
󲴚,包谷米//包谷/玉米
󲴛,眯眼//眯
󲴜,锯子//锯
󲴝,常常地//常/经常
󲴞,祷告//祈求/祷
󲴟,腐/烂//
󲴠,庇护//
󲴡,贿赂//
󲴢,片/丘//
󲴣,拆//
󲴤,猪叫//叫
󲴥,哎/应声//
󲴦,陀螺/一种儿童玩具//
󲴧,齐/足够//
󲴨,儿子/小/少/者/人//
󲴩,积水//
󲴪,点名/题名//
󲴫,鸣叫//叫/鸣
󲴬,跨门槛//跨
󲴭,一种土染料//染料/染/颜料
󲴮,跪//
󲴯,两端//
󲴰,吝啬//
󲴱,香/祭祀用品//
󲴲,麻味道//麻
󲴳,颈项/头子/头目//头
󲴴,中雨//雨
󲴵,天//
󲴶,空旷//旷
󲴷,认/认错/认输//
󲴸,挂起//挂
󲴹,烧/炒肉的气味//肉
󲴺,臭味/怪味//臭
󲴻,给//
󲴼,傣族//傣
󲴽,拥挤//挤
󲴾,宽阔//宽/阔
󲴿,伯父//大爹
󲵀,黏糊糊/食物腐烂后的状况//腐
󲵁,遍/走遍//
󲵂,线头/火柴头//火柴/头
󲵃,果子名称的前缀词//果/水果
󲵄,计划//
󲵅,轻快//快
󲵆,前方/远方//远/前
󲵇,全猪/全羊//羊/猪/杀
󲵈,瘦//
󲵉,咽喉//喉
󲵊,休息/勒俄/彝族诗歌的一种//诗
󲵋,拘禁/禁闭//禁
󲵌,棉花//棉
󲵍,祈求解脱//解脱
󲵎,圆/球体//球
󲵏,飞/飘扬//飘
󲵐,疾驰/越过//过
󲵑,越过//过
󲵒,什么//何
󲵓,沿着//沿
󲵔,亲戚/人名/彝文古书里的世上凡间//亲人/亲
󲵕,消瘦//瘦
󲵖,玉米//包谷
󲵗,芋头//
󲵘,亲爱/敬仰//敬
󲵙,辨认/辨别/判/断/管/顾//辨
󲵚,帽//
󲵛,粮食//粮
󲵜,布缝接//缝
󲵝,饱满/壮实//壮
󲵞,螳螂//
󲵟,的/虚词//
󲵠,敬仰//敬
󲵡,哈欠/张口//打哈欠
󲵢,泡汤//汤/泡
󲵣,架子猪//猪
󲵤,百//
󲵥,陷落//落
󲵦,松/杉树的嫩尖//尖
󲵧,摇钱树/一种孝帕//丧
󲵨,旁边//边上
󲵩,饮食过量呕吐//呕吐/积食/吃太多
󲵪,卷/本//
󲵫,侧//
󲵬,块//
󲵭,经常//常
󲵮,脚步/步//
󲵯,沾着//沾
󲵰,棉布/花//布
󲵱,抹/擦//
󲵲,嫩薹//
󲵳,怜悯/可怜//
󲵴,玉米//包谷
󲵵,做梦//梦
󲵶,赔偿//赔
󲵷,好/康复//
󲵸,重叠词缀//
󲵹,切菜/肉等//切/剁
󲵺,头绪//逻辑
󲵻,桥/亲家//
󲵼,形容词缀/静悄悄//静
󲵽,定//
󲵾,喷水枪//喷水/射水
󲵿,发抖//
󲶀,时//
󲶁,铺设//铺
󲶂,桌子//桌
󲶃,舌头//舌
󲶄,稀烂/炷//烂
󲶅,窃衣草//草
󲶆,问//
󲶇,顽强/凶猛//凶/猛/强
󲶈,身体缺陷//残
󲶉,神//
󲶊,马虎/草率//随意
󲶋,被盖/铺盖//被/盖
󲶌,唠唠叨叨//唠叨/唠
󲶍,泄气//泄
󲶎,染料//颜料
󲶏,两者之间//中
󲶐,宫殿古语//宫殿/宫
󲶑,丈量/大方//贵州大方
󲶒,哈欠//
󲶓,中暑/说话讽刺//讽刺
󲶔,分离//分
󲶕,撒娇/娇气//娇/做作
󲶖,德行//德
󲶗,我/引述//
󲶘,熟练//熟
󲶙,香油//油
󲶚,叫使/令//
󲶛,包谷//
󲶜,所有/都是/多少/重叠词缀//
󲶝,马蹄//蹄
󲶞,部位//
󲶟,可惜//惜
󲶠,摇晃//摇
󲶡,碧/蓝//
󲶢,莓//草莓
󲶣,刺耳/吵耳朵//吵
󲶤,斑茅草//草
󲶥,码/叠//
󲶦,紫黑色//色/紫黑
󲶧,板栗//
󲶨,富//有钱
󲶩,塑像//雕像/像
󲶪,啄/蛇咬//咬
󲶫,咚咚/拟声词//咚
󲶬,孩子间互相逗玩/诱惑//玩
󲶭,未曾生过崽的小母山羊//母羊/未曾生过崽/没生过
󲶮,孩/童//
󲶯,膝关节//膝
󲶰,猛喝//喝
󲶱,朋友/伙伴/同志//友/同学
󲶲,冰柱//柱/冰
󲶳,种子//种
󲶴,一筹莫展//没有办法
󲶵,鳝鱼//
󲶶,玩/玩耍//
󲶷,呲牙//呲/牙
󲶸,个人/兵员/战士//人/兵
󲶹,续断/中药名//中药
󲶺,汆烫//汆
󲶻,计谋//计
󲶼,散//
󲶽,虎杖/酸汤杆/一种野生植物//
󲶾,点头//认可
󲶿,胡琴//琴
󲷀,唾液//口水
󲷁,剥/挑刺//挑
󲷂,别作声//安静/虚
󲷃,雄性/专指山羊//
󲷄,塑像//雕像
󲷅,通知//消息
󲷆,芒果//
󲷇,提/簇/串//
󲷈,香油/菜油//
󲷉,脊背/保佑//背/
󲷊,节约//省/节省
󲷋,脱粒//磨
󲷌,陈酒//酒
󲷍,吵/闹//
󲷎,中间/当中/媒人//中介/媒
󲷏,礼仪//礼
󲷐,衣领//衣
󲷑,山/水等阻隔/关节/肚子等绞痛//阻隔/绞痛/肚子痛/痛/隔
󲷒,草鞋//鞋
󲷓,植物的浆/汁//浆
󲷔,村寨//村/寨
󲷕,服气//
󲷖,树稍//
󲷗,装//
󲷘,捆//
󲷙,继续//
󲷚,牵//
󲷛,五味子果/丈子莓//
󲷜,吹号角//号角
󲷝,比/丈量土地//量/丈量
󲷞,人奔跑或者鸟在地上跑//跑/奔跑
󲷟,嗅/臭味//臭
󲷠,慢/轻//
󲷡,耐心//
󲷢,汗//
󲷣,辨别//认
󲷤,耍赖//
󲷥,劈路//
󲷦,鱼鳞//鳞
󲷧,昏//
󲷨,锡矿//锡
󲷩,来/去//
󲷪,偿还//还
󲷫,别人/他人/彝族家支名//
󲷬,草席/篾席//席
󲷭,寿/世//
󲷮,吃油/肉腻//腻
󲷯,舂//
󲷰,塘//池/池塘
󲷱,飞逝//时光/时间/快
󲷲,蕨菜//龙爪菜
󲷳,港湾//码头/港
󲷴,不耐烦//厌烦
󲷵,铲//
󲷶,花费/费用//钱
󲷷,在心里//由衷/心
󲷸,克/伤//受伤
󲷹,灾星//灾
󲷺,大蒜//蒜
󲷻,胃//肚子
󲷼,锦鸡//鸡
󲷽,魂魄//魂/鬼
󲷾,词缀//
󲷿,夭折//早逝
󲸀,签//
󲸁,牵挂/惦念//想念/想
󲸂,毛发竖起//毛
󲸃,摇摇摆摆//摇摆
󲸄,果断//
󲸅,心狠//狠心
󲸆,豆类//豆
󲸇,散//
󲸈,耽搁/耽误//
󲸉,鸽子//鸽
󲸊,烙//
󲸋,渐渐//慢慢
󲸌,生/成长/美丽/漂亮//
󲸍,受格/尽管/乱说/胡说//
󲸎,刺竹//竹
󲸏,之上//
󲸐,手提//提
󲸑,混日子//混
󲸒,墙//
󲸓,议论//讨论
󲸔,等量//
󲸕,前缀词//
󲸖,尽管/乱说/胡扯//胡话
󲸗,枷锁//
󲸘,斟酌//
󲸙,抢救//救
󲸚,变成//变
󲸛,块/砣//
󲸜,软弱//弱
󲸝,故事//事
󲸞,蝼蚁//蝼
󲸟,要/语气助词//
󲸠,皇帝//皇/帝
󲸡,凑钱/集资//
󲸢,啃//
󲸣,掩/抹沾//
󲸤,荡刀子//荡
󲸥,积德//
󲸦,宫殿/古语//
󲸧,归/回//
󲸨,鸟/雀//
󲸩,鹅/鄂莫/古代彝族的一个部落/地方用词//
󲸪,五//5
󲸫,兑卦名/远古部族名//
󲸬,阿别纳/一种原始的彝族舞蹈/黄鼠狼/脚后跟//舞
󲸭,虾子//虾
󲸮,牺牲//
󲸯,家族/古代人名//家/族
󲸰,歌中的对歌//歌
󲸱,遗留//留/遗
󲸲,憨//笨
󲸳,越/愈//
󲸴,淋//
󲸵,匀/间苗//苗
󲸶,腰围大/口径小编制精细的篾箩//箩/篾箩
󲸷,盖章//章
󲸸,跑/母畜发情//发情
󲸹,山茶//茶
󲸺,完成//完
󲸻,碗//
󲸼,用手挡//挡
󲸽,背面/后面/斧子//
󲸾,女儿//女
󲸿,拌/和//
󲹀,擀//
󲹁,从//
󲹂,亚麻//
󲹃,缩//
󲹄,先//
󲹅,件//
󲹆,跨上/过分/地名用词//跨
󲹇,卡/大拇指和食指张开的长度//
󲹈,美丽/漂亮//美
󲹉,地点/住所//住址
󲹊,答应//答/应
󲹋,哼哈//哼/哈
󲹌,容易//易
󲹍,屎/儿语//大便
󲹎,带柄工具名称的后缀词素/把/毛倒/反//柄
󲹏,骨头//骨
󲹐,指责/放出塘水/田水等//责/放水
󲹑,精气/灵气//气
󲹒,出血/脓/地名用词//
󲹓,间//
󲹔,窝//
󲹕,绵羊/古语//羊
󲹖,伤口愈合//好了/
󲹗,休克/昏死/气馁/疲倦//累
󲹘,没兴趣/没力气//
󲹙,耳坠/耳环//
󲹚,完成/成功/过渡//完
󲹛,草席//席
󲹜,感谢//谢
󲹝,缩//
󲹞,比方//比喻
󲹟,安装/组装//
󲹠,虐待//虐
󲹡,嗑瓜子//嗑
󲹢,梨子//梨
󲹣,椽子//椽
󲹤,唠唠叨叨//唠叨
󲹥,垫子//垫
󲹦,腰围大/口径小编制精细的篾箩//篾箩/萝
󲹧,嚎嗷嗷大哭//哭
󲹨,凸//突出
󲹩,喜鹊//鹊
󲹪,酸/腌//
󲹫,震动//震
󲹬,下垂//垂
󲹭,节省//省
󲹮,浪费//
󲹯,演戏//演
󲹰,放/上//
󲹱,八角//
󲹲,带/领//
󲹳,土坎//
󲹴,庄稼损失//损失/损
󲹵,拜寄//
󲹶,马//
󲹷,虎杖/酸汤杆/一种野生植物//
󲹸,阵//
󲹹,石榴//
󲹺,打土坯/擀香//土坯/擀
󲹻,用手肘拐//手肘/拐
󲹼,约/约定/决定//
󲹽,戒/荡//
󲹾,几乎/差点儿//
󲹿,蜂蜡//
󲺀,蜂房//
󲺁,味鲜美/香味/好吃//
󲺂,拌//
󲺃,生血菜//生血/凉拌猪血
󲺄,遮荫//
󲺅,花斑纹//斑
󲺆,重字//
󲺇,也许/可能//
󲺈,乌龟//
󲺉,稀烂//
󲺊,花蕾/骨朵//花苞
󲺋,杨梅//
󲺌,丢脸/丢丑//羞
󲺍,可惜//
󲺎,怕//
󲺏,朵//
󲺐,渗透//
󲺑,痰/唾沫//口水
󲺒,瘾//
󲺓,另外/人名/地名用字//
󲺔,被子//
󲺕,枪//
󲺖,捣衣棍//棍
󲺗,呕心//
󲺘,说/引述式//
󲺙,挣/拼搏//
󲺚,过/了/时态助词//
󲺛,蒙//
󲺜,蒂//
󲺝,替//帮
󲺞,椆/树//
󲺟,角/边//
󲺠,林木/海拔高的地方/人名用词/茂盛//高/林
󲺡,喧闹//
󲺢,先生/师傅//师/老师
󲺣,爬行/蠕动//
󲺤,关/自动//
󲺥,跳纱//
󲺦,站//
󲺧,培育/护育//
󲺨,锅铲//铲
󲺩,家//
󲺪,拈/挑//
󲺫,赠送/馈赠//送
󲺬,狠//
󲺭,子/磨担秋//
󲺮,怂恿/唆使//
󲺯,超度//
󲺰,臀部//屁股
󲺱,先前//之前
󲺲,结拜弟兄//结拜
󲺳,供奉/祭奠神灵//祭
󲺴,马蜂//
󲺵,笼罩//
󲺶,拍/抖//
󲺷,旁边//边
󲺸,规矩/礼节//礼
󲺹,叽哩/拟声词/蟋蟀叫声//叫
󲺺,泸沽湖//
󲺻,平安/顺利//
󲺼,龙/辰/高兴/福禄//地支
󲺽,拍手//
󲺾,云雀//
󲺿,刷子//
󲻀,一瞬间/眼睁睁//瞬间
󲻁,燃//燃烧
󲻂,夹//
󲻃,肚脐//
󲻄,此/这/今//
󲻅,相互/合伙//
󲻆,真//
󲻇,移动//动
󲻈,瞅人//瞅
󲻉,试验/尝试//
󲻊,考试//
󲻋,升
󲻌,抠//
󲻍,晾/摊//
󲻎,沟//
󲻏,从上而下铲/刮东西//铲/刮
󲻐,立即/即刻//
󲻑,殡//
󲻒,白生生//白森森
󲻓,皮//
󲻔,疤痕//疤
󲻕,勾引//
󲻖,虱子//虱
󲻗,整齐/满满尖尖//尖
󲻘,五行//
󲻙,光华//光/华
󲻚,朋友/伙伴//
󲻛,恶//
󲻜,犯人//
󲻝,夫妻//
󲻞,痒//
󲻟,盾//
󲻠,壁虎//
󲻡,追/赶/撵//
󲻢,地椒/一种香料/明年/早晨//早/早上
󲻣,模糊//
󲻤,风//
󲻥,莓//
󲻦,霍麻//
󲻧,绸缎/茧//绸
󲻨,波动/沸腾/波//
󲻩,掌//手掌
󲻪,茯苓//
󲻫,条//
󲻬,帮/伙/班/队/附属品//
󲻭,滚//
󲻮,藏//
󲻯,蚂蝗//
󲻰,排/行//
󲻱,入赘/招赘//
󲻲,赤陀//
󲻳,能干//能
󲻴,嘶哑//
󲻵,嘘/拟声词//
󲻶,公婆//
󲻷,闰年/月//
󲻸,刻//
󲻹,风箱//
󲻺,蛰//
󲻻,漂洗//洗/漂
󲻼,祈求//祈
󲻽,要//
󲻾,檩/屋上托住椽子的横木//椽
󲻿,占卜/算//
󲼀,腰身//腰
󲼁,差欠//欠
󲼂,打搅//烦
󲼃,交付//交
󲼄,剔//
󲼅,马爵环//环
󲼆,黍/小米//
󲼇,通知/告诉//
󲼈,骄傲//傲
󲼉,弩/箭//
󲼊,空亡/祀神落空/穷光蛋//穷
󲼋,糊臭//臭
󲼌,元//
󲼍,宠/娇惯/撒娇/娇气//
󲼎,扯//
󲼏,神气/重叠词缀//
󲼐,好色//
󲼑,搅//
󲼒,词头//
󲼓,葡萄//
󲼔,包谷//玉米
󲼕,梭子//
󲼖,蘸水//
󲼗,命名/作记号//记号
󲼘,厅堂//
󲼙,舅娘//
󲼚,洛纳阿阔/人名/尖刀草//
󲼛,牢监牢/监狱//
󲼜,脾脏//
󲼝,缝补//
󲼞,允许//
󲼟,日落//
󲼠,株//
󲼡,迈步//
󲼢,形容词缀//
󲼣,鹿//
󲼤,稀泥/泥巴//泥
󲼥,灵柩//
󲼦,床//
󲼧,泥土/土//五行
󲼨,影子/哎/乾卦/古代部落名/世代名//八卦
󲼩,隐痛//痛
󲼪,扣//
󲼫,贪吃//贪
󲼬,木姜//木姜子
󲼭,敢//
󲼮,词缀/很有精神//有精神
󲼯,洞房//
󲼰,苍蝇//
󲼱,蛙类//
󲼲,管教//
󲼳,筒/墩/把//
󲼴,角落//
󲼵,积水/坑/塘//
󲼶,移动//
󲼷,老虎//虎
󲼸,张着腿用力蹬地//蹬
󲼹,搭在马鞍上的褥子//褥
󲼺,短//
󲼻,收/拾//
󲼼,全部//
󲼽,踢/被动//
󲼾,收/打/钉//
󲼿,治理//
󲽀,折磨//
󲽁,黏胶/捕鸟用//
󲽂,强健//
󲽃,前//
󲽄,朋友//
󲽅,烧焦//焦
󲽆,饿//
󲽇,土壤//土
󲽈,最好//
󲽉,鼠/子//地支
󲽊,吻//
󲽋,通知//
󲽌,赢//
󲽍,赘婿//
󲽎,木盔//
󲽏,手/脚甲/爪子/齿//
󲽐,佩服//服
󲽑,杜鹃鸟/布谷鸟//
󲽒,镶牙//
󲽓,褂子//
󲽔,故事//事
󲽕,杂草//
󲽖,颈/项/脖子//
󲽗,睡觉//
󲽘,无精打采/有气无力//没力气/没精神
󲽙,纪念/留念//
󲽚,类/伙//
󲽛,茧//
󲽜,可能//
󲽝,绵/食物韧绵/嚼不烂//韧
󲽞,肚子/腹部//腹/肚
󲽟,页码//页数/页
󲽠,嘭/拟声词//
󲽡,犁板//梨
󲽢,膀胱//
󲽣,重字//
󲽤,饭盒//
󲽥,愿意/爱/好吃//
󲽦,发酵//
󲽧,钻孔/眼/锥//打孔
󲽨,泼水//
󲽩,罐子//罐
󲽪,燕麦/野麦子生长在麦地里的//野麦子
󲽫,坪/草坪//
󲽬,褴褛/木渣/翠绿色//衣衫褴褛
󲽭,瘦//
󲽮,钳子/搛夹//
󲽯,手镯/招古/彝族撒尼支系一种祭祀活动的名称//
󲽰,串//
󲽱,黑粉//
󲽲,掘//
󲽳,碓//
󲽴,柏松//松
󲽵,任随//任/随
󲽶,耳朵//耳
󲽷,粒//
󲽸,炸/响//
󲽹,杆/杆//
󲽺,罢了/算了//
󲽻,机器//
󲽼,洼陷//洼/洼地
󲽽,凉爽/蓑衣//凉
󲽾,针//
󲽿,但是//但
󲾀,摸黑//
󲾁,锤子/蜥蜴//锤
󲾂,地椒/一种香料/子粒可治沙眼//
󲾃,废/旧//
󲾄,形容词缀/苦殷殷//
󲾅,空//
󲾆,里边/方位词//里
󲾇,人名用词/濮迂/人名//
󲾈,着/用在后面作嘱咐语气/吗/表示疑问//
󲾉,凹//
󲾊,稍微//
󲾋,土地/濮人/武濮所/盘江////北盘江/贵州盘江
󲾌,铃铛//铃
󲾍,黑暗//黑
󲾎,蚂蚁//蚁
󲾏,盆//
󲾐,犁地//耕地
󲾑,里//
󲾒,撮箕//箕
󲾓,台垫//
󲾔,换/蜕//
󲾕,瞪眼/鼓眼//瞪
󲾖,灶台/地名用词//
󲾗,怜悯/可怜//
󲾘,脾气//
󲾙,土块//
󲾚,故事//
󲾛,碰//
󲾜,一带//
󲾝,厌烦/厌恶//
󲾞,长工//
󲾟,地球//
󲾠,爱/相爱//
󲾡,抠//
󲾢,盖被子//盖
󲾣,形容词缀/红艳艳//
󲾤,角/货币//一角
󲾥,烟杆//
󲾦,让//
󲾧,瘪//
󲾨,女儿/阿美妮/阿美鲁洪//
󲾩,及/赶上//
󲾪,暴露//
󲾫,的//
󲾬,蝼蛄[//
󲾭,腿//
󲾮,融//
󲾯,经/耐//经吃/经穿/耐用
󲾰,元旦//
󲾱,妻子/媳妇/嫁//
󲾲,倾/倾家/睡觉//
󲾳,野生//
󲾴,镰刀//镰
󲾵,呃/语气词//
󲾶,臼牙/泸西//云南泸西
󲾷,蜷缩//
󲾸,重字//
󲾹,吆喝//
󲾺,门转轴/门闩//
󲾻,外婆/外祖母/舅娘/舅妈//
󲾼,解木板/把木头变成木板//
󲾽,繁衍//繁殖
󲾾,相抵/抵消//
󲾿,搭//搭棚/搭架子//
󲿀,刨/砍//
󲿁,放任牲畜散开吃草//吃草/放牧
󲿂,哮喘//
󲿃,刺杀//
󲿄,公羊/雄性羊//
󲿅,闷/闭气//
󲿆,强制性的喊人/督促//
󲿇,次/回/届/人名用词//
󲿈,间隔/距离//
󲿉,捉/拿//
󲿊,抽打//
󲿋,医治//医
󲿌,柏树//柏
󲿍,缺损//损/缺
󲿎,脂/松脂//
󲿏,绊//
󲿐,从主干长出来的枝芽//枝
󲿑,昆虫//虫
󲿒,毕摩的法帽/洛玻思齿液/鸭池河/在贵州黔西/乐作/彝族的一种舞蹈//舞蹈/法帽
󲿓,挂子//
󲿔,胀//
󲿕,习惯//惯
󲿖,用刀修削//削
󲿗,勤//
󲿘,芫荽//
󲿙,编织/组织//织
󲿚,枕头//枕
󲿛,阴门//生殖器
󲿜,关系//
󲿝,断/破/伤心//
󲿞,扳机//
󲿟,肥//
󲿠,甩/甩开//
󲿡,翘//
󲿢,排水//
󲿣,洋芋//土豆/马铃薯
󲿤,豺/狼//
󲿥,远//
󲿦,闯入//
󲿧,上级//
󲿨,孤僻/隐约//
󲿩,鱼鳞//鳞
󲿪,震卦/巽卦/远古部族名/传说中的山精/凶煞神/让//八卦
󲿫,重字//
󲿬,坍塌//
󲿭,铃//
󲿮,融化//
󲿯,门楣/过分//
󲿰,傣族/摆夷//
󲿱,拾/捡//
󲿲,脊背//背/脊
󲿳,收缩//缩
󲿴,口味//
󲿵,群众/百姓//人民
󲿶,收缩//缩
󲿷,拉//
󲿸,剩//余
󲿹,渣/糊状/不清洁/不干净/不卫生//脏
󲿺,绊//
󲿻,返/回//返回
󲿼,蒙鼓//
󲿽,手掌//
󲿾,毕摩/祭祖/毕主哪慕格/念诵/山名//
󲿿,嘴唇//
󳀀,背篓//
󳀁,肿//
󳀂,牛斗架/拟声词公羊追逐母羊发出的声音//发情
󳀃,猫头鹰//
󳀄,你/我/他的//
󳀅,左//
󳀆,束手无策/没有办法/封//
󳀇,模仿/效仿//
󳀈,大蒜//
󳀉,窝//
󳀊,叠/摞//
󳀋,脓包/凝结/凝固//
󳀌,他/她/它/其/那//其实/其中/那一天
󳀍,融/细末//
󳀎,洞/坑//
󳀏,健壮//
󳀐,弩//
󳀑,脚后跟//踝/脚踝
󳀒,震卦/巽卦/凶煞神/让//八卦
󳀓,船//
󳀔,烙//
󳀕,烧//
󳀖,两//
󳀗,枣红色//红
󳀘,姜//
󳀙,野鸡//
󳀚,掰//
󳀛,坛//
󳀜,烦闷//
󳀝,凹//
󳀞,天上//
󳀟,粘/贴//
󳀠,戒指//
󳀡,语气助词//
󳀢,树枝//枝
󳀣,罩//
󳀤,弯曲//弯
󳀥,很顽强/成都//四川成都
󳀦,立春//
󳀧,头颅//
󳀨,粥//
󳀩,花朵/朵//
󳀪,诉说//
󳀫,云南//
󳀬,礼仪/制度//
󳀭,爵禄/碑刻//
󳀮,方法/办法/措施//
󳀯,糊涂//
󳀰,穿针/东西//
󳀱,拱//
󳀲,规整/严实//整齐
󳀳,沙子/砂子//沙/砂
󳀴,木姜//木姜子
󳀵,左方/侍从//
󳀶,段/截//
󳀷,高粱//
󳀸,融//
󳀹,容器//
󳀺,醋//
󳀻,记号/黑痣//痣
󳀼,舒服/好过//
󳀽,招待//
󳀾,牵幼儿学走路用语/意思时“行啊”//走/行
󳀿,传递//传
󳁀,呈现//
󳁁,相对//
󳁂,黄果//
󳁃,形容词缀/得/副词//
󳁄,吞/咽//
󳁅,小孩子怕//怕
󳁆,嫩/软//
󳁇,耳环//
󳁈,米仁//米
󳁉,阴茎//生殖器
󳁊,割//
󳁋,山乍鸟//
󳁌,脏//
󳁍,离开//
󳁎,炖//
󳁏,浅蓝色//浅蓝
󳁐,形容词缀//
󳁑,口弦//
󳁒,筋/脉/水沟//
󳁓,北斗星//
󳁔,疡子/疮/溃烂//
󳁕,还/又/再//
󳁖,承诺/许诺//诺
󳁗,数/读/念//
󳁘,脚抽筋/转筋//
󳁙,硬/狠/难/结实//
󳁚,校正//
󳁛,床//
󳁜,哎/叹词//
󳁝,清明节//
󳁞,捂//
󳁟,太阳//日
󳁠,见/知识/依靠/仰仗/重视/瞧得起/美姑//四川美姑
󳁡,单眼皮//
󳁢,灰尘//灰/尘
󳁣,背皮//
󳁤,别处/另/另外//
󳁥,月琴//
󳁦,旁边//
󳁧,毛//
󳁨,细毛//
󳁩,病魔//
󳁪,模样//
󳁫,饭盆//
󳁬,地/古语/土块/实楚//
󳁭,太阳/耳语//日
󳁮,盐臼//
󳁯,丰富//
󳁰,躲//
󳁱,积灰尘//吃灰
󳁲,赶/吆//
󳁳,破烂/槟榔/弯钩//钩/破/烂
󳁴,蘸//
󳁵,脸/方/形//
󳁶,把物体往前推进//推
󳁷,驼//
󳁸,栖息/群鸦乱叫//乌鸦叫/
󳁹,施政/发布政令/指示//
󳁺,跟//
󳁻,脾气//
󳁼,鸟巢/鸟窝//
󳁽,饭//
󳁾,破烂//破/烂
󳁿,拟声词//
󳂀,远祖//
󳂁,悲恸//悲
󳂂,渡船/划船/游泳/阿庚阿外/人名//
󳂃,脸//
󳂄,亲疏/亲戚//
󳂅,荞/个旧//云南个旧
󳂆,撬//
󳂇,灯盏//
󳂈,吉利//
󳂉,刁难/诡辩//
󳂊,碗//
󳂋,图影/属相/鄂莫/古彝人的一个部落//
󳂌,泡沫//
󳂍,戏//
󳂎,可爱//
󳂏,粮食/庄稼//
󳂐,编/辫子/编织粗糙//
󳂑,猫/古语//
󳂒,绘//
󳂓,画眉鸟//
󳂔,灰叶菜//
󳂕,能吃//
󳂖,小声抽泣//哭
󳂗,遮挡/挡//
󳂘,藤子//
󳂙,新/辛//天干
󳂚,蝼蛄//
󳂛,喂//
󳂜,将要//要
󳂝,付//
󳂞,砧板//
󳂟,癞//
󳂠,丑陋//丑
󳂡,丝线//丝
󳂢,吹捧/奉承//拍马屁
󳂣,欺辱/欺负//欺
󳂤,蒸饭//煮饭
󳂥,揍//
󳂦,分櫱//
󳂧,家谱//
󳂨,火药//
󳂩,顿/放置/停放//放
󳂪,鼓眼//
󳂫,祭祖//
󳂬,坟墓//墓
󳂭,分养//
󳂮,煨i/热//
󳂯,疥疮/水痘//
󳂰,索//
󳂱,处/这里/哪里//
󳂲,蜥蜴//
󳂳,遗传//
󳂴,马鞍//
󳂵,按摩//
󳂶,化脓//脓
󳂷,方法/旁边//
󳂸,洁净/干净//
󳂹,照/映//
󳂺,白酒/烧酒/纪俄格//
󳂻,笨拙//笨
󳂼,浮肿/水肿//
󳂽,碎步//
󳂾,铜帽//
󳂿,产生/癸/后面/后边//天干
󳃀,骨髓//
󳃁,草墩/圈//
󳃂,死/死亡/灭亡/认输//输
󳃃,杯子//
󳃄,弯/古糯/贵阳//贵州贵阳
󳃅,掰/扳开//
󳃆,山顶/树梢//
󳃇,父母/阴阳/男女//
󳃈,磨/磨面/磨豆腐//
󳃉,痴呆//呆
󳃊,方/面//
󳃋,衣裳//
󳃌,平静//安静
󳃍,肉//
󳃎,谜语/猜测/推测//猜
󳃏,起始/兴起//开始
󳃐,操作//
󳃑,传说中的水怪//水怪
󳃒,火坑//
󳃓,年/岁//
󳃔,史//历史
󳃕,擤//擦
󳃖,梭动/移动//
󳃗,野牛//牛
󳃘,葫芦//
󳃙,天麻//
󳃚,起皮//
󳃛,动物油//油
󳃜,凶恶/无中生有/疔毒//凶
󳃝,舍得//
󳃞,刀叶//叶
󳃟,同意//
󳃠,伸//伸脚/伸手
󳃡,李子//李
󳃢,嚼//
󳃣,吧/语气助词//
󳃤,盖//
󳃥,浓稠//
󳃦,腹/受贿/怀孕//
󳃧,刺猬//
󳃨,耢地//
󳃩,尊敬//敬
󳃪,呀/语气助词/稍微/一下//
󳃫,非正常死亡//死
󳃬,集中/列席/到会/相会//
󳃭,操纵/统管//
󳃮,乱说/话多//
󳃯,咬/咬//
󳃰,微弯//弯
󳃱,隔//
󳃲,荨麻//
󳃳,窥探//窥
󳃴,租//
󳃵,强调//
󳃶,黏糊糊//黏
󳃷,完//
󳃸,臭味//臭
󳃹,形容词缀/累累//
󳃺,荒芜//
󳃻,一会儿//
󳃼,稀烂//
󳃽,宇宙//
󳃾,叹词/武德木/人名/大渡河//
󳃿,泡/形容词//
󳄀,圈//栏/围栏/小围栏/畜栏/小畜栏
󳄁,青幽幽//
󳄂,竹//竹子
󳄃,肠//
󳄄,盐巴//盐
󳄅,砂锅//锅
󳄆,菜刀//
󳄇,大/哪吞落姆/古代名城//晋宁
󳄈,贪婪//贪
󳄉,你//
󳄊,蛋/生蛋//下蛋
󳄋,小饼//饼
󳄌,诽谤//
󳄍,舌头//舌
󳄎,裤子//裤
󳄏,炒/煎//
󳄐,怀孕/古语//孕
󳄑,玩耍/铃铛//铃
󳄒,惟恐/害怕//怕
󳄓,宇宙/妥鲁博//
󳄔,白//
󳄕,口吃/结巴//
󳄖,锁//
󳄗,锣//
󳄘,茄子//
󳄙,伤害/形容词缀/懒洋洋//
󳄚,臭虫//虫
󳄛,埋怨/诉苦//报怨
󳄜,池/海/湖/地名/人名用词//
󳄝,月亮/月//
󳄞,洋//海
󳄟,掏//
󳄠,管/筒//
󳄡,煎炸//煎
󳄢,蚕豆//
󳄣,清楚/明白//了解
󳄤,发现//
󳄥,拖/腰包/衣兜/韧绵//韧
󳄦,攀枝花//
󳄧,畜生的乳房//奶
󳄨,洋芋/马铃薯//土豆
󳄩,太阳//日
󳄪,偶像/菩萨//
󳄫,粗磨//磨
󳄬,开//
󳄭,钻进//钻
󳄮,弥觉/传说中的水怪//水怪
󳄯,细小/细微//小/细/微
󳄰,水瓢//瓢
󳄱,壶//水壶
󳄲,桃子//桃
󳄳,簇拥//拥
󳄴,储备//储
󳄵,争夺//争/夺
󳄶,插//
󳄷,绒//
󳄸,云雀//
󳄹,差遣/派遣//派
󳄺,草莓//
󳄻,腼腆//害羞
󳄼,凿子//凿
󳄽,劈//
󳄾,学/明//学习
󳄿,乾坤/宇宙空间的上下//上下
󳅀,生疮/长瘤子//疮/瘤
󳅁,那//
󳅂,眼//目
󳅃,肥/肥肉//
󳅄,石榴//
󳅅,块//
󳅆,猴/申//地支
󳅇,睾丸//
󳅈,沟渠//沟/渠
󳅉,口袋//裤包/袋
󳅊,足够/够//足
󳅋,囫囵//一口
󳅌,蹬//
󳅍,丈/长度单位//
󳅎,时候//时
󳅏,半//一半
󳅐,钓鱼//钓
󳅑,件//
󳅒,毕摩的法铃//法铃
󳅓,筷子/重叠词缀//筷
󳅔,柳//
󳅕,摩史//歌师
󳅖,打柴/拾柴//柴/拾/捡柴
󳅗,纽襻/扣住纽扣的套儿//纽扣/纽
󳅘,眼镜//
󳅙,注视/醒//看着
󳅚,撞鬼//见鬼
󳅛,虾子//虾
󳅜,腋//
󳅝,鸡嗉子果/一种野果/可食用//
󳅞,里面有//
󳅟,睡//
󳅠,下弦月//
󳅡,江//
󳅢,慢慢地//慢慢
󳅣,勺子/匙//
󳅤,押送犯人//押送/押
󳅥,野鸭//鸭
󳅦,笔//
󳅧,接物发语词//接物/接
󳅨,环//
󳅩,吉祥/宗祠//祠
󳅪,歌/跳舞//舞
󳅫,手铐//铐
󳅬,拖/拉/抽/吸//
󳅭,如/及//
󳅮,汇合/参与/开会//
󳅯,占卜/法术//
󳅰,巫//
󳅱,扳/弯钩//
󳅲,吼//
󳅳,什么//
󳅴,头//
󳅵,叫/传唤/喊//
󳅶,耳朵//耳
󳅷,材料/啄木鸟//
󳅸,栘依果/多依果//
󳅹,漂流/浪荡//
󳅺,蜂窝//
󳅻,成团的物质//团
󳅼,群众/百姓//人民
󳅽,蹄子/脚后跟//后跟
󳅾,肚脐眼//
󳅿,规规整整/严严实实//规整/严实/整齐
󳆀,嚎叫//嚎/叫
󳆁,饱/饱满/胀//
󳆂,垢腻//腻
󳆃,笋//
󳆄,香芝麻花/一种野生植物//芝麻花
󳆅,球状物体//球
󳆆,菲篥/一种吹奏的草杆乐器//草杆
󳆇,锛子锛子是削平木料的工具//
󳆈,蹲起//站起
󳆉,彩虹//虹
󳆊,觉察/发觉/感觉//发现
󳆋,私人//个人
󳆌,蓖麻//
󳆍,赌//
󳆎,风箱//
󳆏,猛拉//拉
󳆐,孔眼/空洞//洞/孔
󳆑,祭祀用的酒具//酒具/酒杯/祭祀
󳆒,打/椎//
󳆓,看/飞快/消逝//
󳆔,赌咒//
󳆕,诓骗/欺骗小孩//骗/欺骗
󳆖,干瞪眼//
󳆗,葫芦//
󳆘,石头//石
󳆙,雹//
󳆚,爽朗/赤陀/人名/氏族名//
󳆛,舌头伸缩//舌
󳆜,蝉/知了//
󳆝,美丽/漂亮/干净//
󳆞,美/良/好//
󳆟,雷//
󳆠,辣疼/辣痛//辣
󳆡,交合/会/合//
󳆢,懒//
󳆣,容量大//大
󳆤,魔芋//
󳆥,家具/物品//
󳆦,倒霉//霉
󳆧,空间垂直的下面//下
󳆨,串///
󳆩,布谷鸟叫//叫
󳆪,孩子//子
󳆫,摘/扯//
󳆬,消瘦//瘦/瘦小
󳆭,哭//
󳆮,酸木瓜/胡琴//
󳆯,他们/引述语/俄卓/西昌//四川西昌
󳆰,傻/鲁莽//
󳆱,蛆虫/生蛆虫//蛆/生蛆
󳆲,隐瞒//瞒
󳆳,头部某些突出的位置//头突出/突出
󳆴,绞/电缆//
󳆵,刮风//吹风/风
󳆶,吵架//吵
󳆷,祖父/爷爷//爷
󳆸,口/腮帮子//腮帮
󳆹,光明/光亮/明亮/月亮//月
󳆺,溢/漫//溢出/漫出
󳆻,分/货币单位//
󳆼,福//
󳆽,模仿//仿
󳆾,结果/牵藤//引藤
󳆿,花生//
󳇀,优惠//
󳇁,撮灰//撮
󳇂,老鼠/耗子//鼠
󳇃,想/思考/思索//思
󳇄,有益//有利/益
󳇅,坟墓//墓
󳇆,寡鸡蛋//寡蛋/毛鸡蛋/毛蛋
󳇇,唤牲畜//唤/叫唤/喊
󳇈,过分//
󳇉,侍从/古语//仆人/
󳇊,叽叽喳喳/叫声//叽
󳇋,砚台//砚
󳇌,觉//一觉
󳇍,赡养/供养/抚养//养
󳇎,行/走//
󳇏,国/天空//
󳇐,鱼//
󳇑,拟声词//
󳇒,饿//
󳇓,薄荷//
󳇔,锣/人熊//
󳇕,节巴眼//
󳇖,带东西//带
󳇗,牛斗架//
󳇘,十字镐/达体舞//
󳇙,炉/炉//
󳇚,猪拱//拱
󳇛,眼/孔//
󳇜,髓//
󳇝,晒太阳//
󳇞,传种//传
󳇟,满//
󳇠,车//
󳇡,查/察//
󳇢,拟声词/跑步脚踏声音//
󳇣,阴茎//生殖器
󳇤,视/视察/观察/查看/参观/浏览//
󳇥,撒遍/普及//
󳇦,茨菇/山药//
󳇧,浊气//
󳇨,往嘴里灌//灌/灌水
󳇩,山楂//
󳇪,部分竹制用具/簸箕//竹制
󳇫,呃/语气词//
󳇬,闭眼//闭
󳇭,捏//
󳇮,懒惰/困倦//困/懒
󳇯,往孔里捅//捅
󳇰,稍微//一点点
󳇱,腐朽//
󳇲,小步地走//走/轻轻地走
󳇳,摔跤//
󳇴,砸//
󳇵,风流/风骚//骚
󳇶,细//小
󳇷,流泪/淌泪//哭
󳇸,瓶/壶//
󳇹,水/汤/河流//河
󳇺,骑//
󳇻,漏雨//
󳇼,渴/水烧干//烧干
󳇽,紧挨着//紧挨
󳇾,礼里/彝族家支名//
󳇿,烫//
󳈀,边/面/方位词//
󳈁,又//
󳈂,全部//
󳈃,流传/讥笑//
󳈄,越/愈//
󳈅,姊妹/妹妹/姐妹//
󳈆,蚌//
󳈇,咂酒//
󳈈,桩/件//
󳈉,潮水//潮汐/潮
󳈊,螃蟹//
󳈋,衣服/毡子//
󳈌,用牛羊角做的号角//号角
󳈍,涩//青涩
󳈎,气/清气//
󳈏,锈//
󳈐,女子对家庭中兄和弟的总称//兄弟
󳈑,的//
󳈒,芹/野生水芹菜//水芹菜
󳈓,语气词走路笨拙不灵便的样子//笨
󳈔,荡漾//
󳈕,让别人知道/使听/使看//
󳈖,变成/变掉//变
󳈗,拟声词/连珠炮式的快快的说话//说话快/很快地说话
󳈘,煮/米粥/稀饭//
󳈙,血缘/马种//种
󳈚,蔬菜//菜
󳈛,摩擦/磨牙齿//磨牙
󳈜,巴豆//
󳈝,漏//
󳈞,芽//
󳈟,藕/莲//
󳈠,根源//根/源/源头
󳈡,响/反响/报复/报仇/报应纠缠//
󳈢,染布//染
󳈣,浪费//
󳈤,贪污//贪
󳈥,涌泉/洪水/瀑布//泉
󳈦,葛根//
󳈧,浸/泡//
󳈨,油腻//腻
󳈩,商量/商议/伴侣/夫妻//
󳈪,田//
󳈫,浑浊//
󳈬,葱籽//葱
󳈭,棍/棒//
󳈮,根据/依据/理由//原由
󳈯,潮湿/滋润//湿/润
󳈰,词缀/红彤彤//
󳈱,断定//
󳈲,水溅//溅
󳈳,泥泞//
󳈴,露水//露
󳈵,顿//打一顿/一顿
󳈶,流//
󳈷,拟声词/放声大笑//大笑/笑
󳈸,浇水/洒水//洒/浇
󳈹,带路//引路/导
󳈺,丛/蓬/喳蓬蓬/枝叶繁茂//茂盛
󳈻,鸡蛋/卵//蛋
󳈼,捂食物//捂
󳈽,油//
󳈾,内弟/妻弟//
󳈿,熟油//
󳉀,寿龄//年龄/寿
󳉁,很//
󳉂,乱/世道乱//
󳉃,荨麻//
󳉄,野鸭/鸳鸯//
󳉅,水流/流眼泪//流
󳉆,漂浮//漂
󳉇,游泳//游
󳉈,麻线/布//
󳉉,沸腾/波浪//波/浪/沸
󳉊,倒水/斟酒//倒酒
󳉋,涉水/津梁//
󳉌,茨菇//
󳉍,芝麻/柿子//
󳉎,锈//
󳉏,猫抓/刨//抓
󳉐,骟山羊/阉鸡//骟/阉
󳉑,布壳/粘/粘布壳//
󳉒,议论//
󳉓,现在//
󳉔,恐惧//
󳉕,滤水//过滤/滤
󳉖,潭/水井//井
󳉗,把食物放在锅里略微煮一下就拿出来//焖/煮/蒸
󳉘,熊//
󳉙,淹没/浸泡//淹/泡/浸
󳉚,扒拢//
󳉛,尿//
󳉜,血//
󳉝,慢//
󳉞,坛//深潭//潭
󳉟,渣/豆渣/汤中的菜/干的//干
󳉠,挑/担/扛//
󳉡,训练//
󳉢,淬火//淬
󳉣,黏糊糊/食物腐烂后的状况//腐烂
󳉤,由/依//
󳉥,花色//
󳉦,改/修改//
󳉧,摔//
󳉨,那//
󳉩,稳//
󳉪,清澈/清晰//清/水清
󳉫,牛滚水//打滚/牛打滚
󳉬,折损/折耗//损
󳉭,赎回//
󳉮,消瘦//瘦
󳉯,咽下//咽
󳉰,彩虹//虹
󳉱,银杏/苤蓝//
󳉲,小而尖的鼻子//小鼻子/鼻子/鼻
󳉳,绳索/柞桥/竹索桥//绳/索
󳉴,破/坏//破坏
󳉵,一串串//串
󳉶,嘱咐//叮嘱/嘱
󳉷,口水//沫水/唾沫
󳉸,毛驴//驴
󳉹,排行第七//7/第七
󳉺,水溅//溅
󳉻,落/掉/古蔺//四川古蔺
󳉼,挖洞/开口//开孔
󳉽,虎啸//虎
󳉾,横/歪/斜//不正
󳉿,台阶//阶梯/阶
󳊀,年纪//年龄
󳊁,召集//集合
󳊂,土壤//土
󳊃,翁宅/灵房//
󳊄,管/管理//
󳊅,祖妣/女祖先/皮聂//
󳊆,乞求/乞讨/祈祷/祈求//求
󳊇,外面//外
󳊈,娃娃鸡//鸡
󳊉,鳝鱼//鳝
󳊊,贫瘠//
󳊋,用风箱杨//风箱
󳊌,今/词头//
󳊍,叠/折//
󳊎,叶子/片//叶
󳊏,天花//
󳊐,边/面//
󳊑,盖房用的篾笆//篾笆
󳊒,合适//
󳊓,连接在一起//连/连接
󳊔,吐口水//
󳊕,关系/坝子伯尼/人名//
󳊖,老表/儿媳妇/外甥女//儿媳
󳊗,你的//
󳊘,脚崴//崴
󳊙,踪迹//痕迹
󳊚,蚂蚱/蚱蜢//蝗
󳊛,鸭子//鸭
󳊜,呢/语气助词//
󳊝,妈妈//娘/妈
󳊞,剩//余
󳊟,种类//种/类
󳊠,窝棚//
󳊡,相依/想念/挂念//想
󳊢,梦/做梦/阿迷/开远//云南开远市
󳊣,婚配/威宁草海//草海/贵州威宁
󳊤,叠//
󳊥,恶心/呕吐//吐
󳊦,蜻蜓//
󳊧,鹤//
󳊨,进展快//快
󳊩,菠萝//凤梨
󳊪,捂嘴/掩耳//捂/掩
󳊫,干瘪//瘪
󳊬,臭虫//
󳊭,哭丧棍/孝棍//丧
󳊮,开创/开垦//
󳊯,晚熟作物/蔗妻/后妻//
󳊰,晃荡//
󳊱,亲吻/拟声词/吻小孩时发出的声音//吻
󳊲,花瓣/瓣//
󳊳,猎//
󳊴,斜砍/斜割//砍/割
󳊵,副/张//
󳊶,族/者//的人
󳊷,套//
󳊸,出殡//
󳊹,底//
󳊺,泥鳅//
󳊻,颤动/跳动//眼皮跳
󳊼,折断/掰断/实楚//
󳊽,眉毛//眉
󳊾,螃蟹//
󳊿,蟑螂//小强
󳋀,送//
󳋁,壁虎//
󳋂,洱海//
󳋃,白面狐//狐
󳋄,起始/布/默//
󳋅,盖房用的篾笆//篾笆
󳋆,幽默/风趣/诙谐//
󳋇,衣服/穿衣服//衣
󳋈,娶妻//娶/妻
󳋉,幅//一幅
󳋊,沸水蒸汽//水蒸汽
󳋋,今//现在
󳋌,叫//
󳋍,小/词尾//
󳋎,和睦//
󳋏,口/顶/把//一口/一顶/一把
󳋐,肩膀//肩
󳋑,毛发蓬松//蓬松
󳋒,兜//
󳋓,补//补载/补种
󳋔,捶//
󳋕,滴//一滴
󳋖,调换//换
󳋗,重叠词缀/圆溜溜//
󳋘,脱/卸/说话伤人//话伤人
󳋙,因为//由于
󳋚,形容词缀/青幽幽//
󳋛,遍地/野//
󳋜,懒//
󳋝,披/穿衣//
󳋞,寻找//寻/找
󳋟,啊/吧/语气词//
󳋠,张口//开口
󳋡,薄荷//
󳋢,养育//养/育
󳋣,摆谈//谈
󳋤,块/穗//一块/一穗
󳋥,瓦片//瓦
󳋦,旺盛//旺
󳋧,生育//繁殖
󳋨,熟//
󳋩,宰牛/杀牛//
󳋪,度//摄氏度/温度
󳋫,灵敏//敏
󳋬,冲//
󳋭,蝌蚪//
󳋮,斜砍/斜劈//
󳋯,规则//
󳋰,竖直//竖/直
󳋱,次/回/趟/一回/一次/一趟//
󳋲,舞//
󳋳,修理//修
󳋴,睡/死睡//
󳋵,一串串//串
󳋶,重叠词缀/浑浊//
󳋷,奉养/赡养//
󳋸,形容词缀/光溜溜//
󳋹,含//
󳋺,诱惑//
󳋻,窄而长条的形状//窄长/窄
󳋼,大霍麻//霍麻
󳋽,摇摇摆摆//摇摆
󳋾,箱子//箱
󳋿,勾引//
󳌀,触/碰//
󳌁,缝/刺杀//刺
󳌂,额头//额
󳌃,只有//仅
󳌄,佩戴//戴
󳌅,蓑衣//蓑
󳌆,肮脏//脏
󳌇,应/间//
󳌈,心灰意冷//灰心/冷心
󳌉,祈祷/祷告//祈
󳌊,稀疏/稀拉//稀
󳌋,昏沉沉//昏
󳌌,鼾//打鼾
󳌍,饲养//养/养殖
󳌎,擞//
󳌏,批//
󳌐,塞//阻塞
󳌑,球//打球
󳌒,早熟//
󳌓,重叠词缀/青幽幽//
󳌔,朗读/叙述流利//朗读流利/叙述/说话流利
󳌕,抹/涂/麦芽糖//糖
󳌖,创建//创/建
󳌗,洁净/清洁//洗
󳌘,抹/擦//
󳌙,唢呐/里啦//
󳌚,依靠//依
󳌛,典章/经典/法则/法规/典故//典/法
󳌜,重叠词缀/红艳艳/红殷殷/红彤彤//
󳌝,懒惰/困倦//懒
󳌞,母/女/阴阳/大/武蒙舍/蒙舍诏//
󳌟,云/点苍山/迭吐博/山名//
󳌠,鲁岱/人名//
󳌡,肋骨//骨/肋
󳌢,牛//
󳌣,配种//
󳌤,写/字//
󳌥,刺眼//耀眼
󳌦,请客//
󳌧,疾病流行//流行/疫
󳌨,骡子//骡
󳌩,轮流/年轮//
󳌪,可能/也许//
󳌫,富有//富/有钱
󳌬,飘//
󳌭,呼吸//
󳌮,缠绕//
󳌯,过敏//
󳌰,飞翔//飞
󳌱,菜//
󳌲,芽/薹//
󳌳,词缀/弹跳弹跳的//跳/弹跳
󳌴,被//
󳌵,传送//
󳌶,昆明//云南昆明
󳌷,罗汉松/名杉树//
󳌸,糖的前缀词素//糖
󳌹,碓挡//挡
󳌺,猫//
󳌻,刺/钉/菠萝//
󳌼,姐/丈夫/姐夫//
󳌽,挣//
󳌾,瓢//
󳌿,胸//
󳍀,一项项//项
󳍁,世上/世界/阳世间//
󳍂,通洞/通道/推脱//
󳍃,鸦/乌鸦//
󳍄,水渡槽/涧槽//
󳍅,承包/承揽/包揽//
󳍆,挑箩//挑
󳍇,逗笑//笑
󳍈,尖//
󳍉,后面/后边//后
󳍊,蓟草/马齿苋//
󳍋,梗/硌//
󳍌,作对//
󳍍,美丽/漂亮//
󳍎,干罅//
󳍏,划破//
󳍐,蹒跚//
󳍑,蘑菇/菌子//
󳍒,双里的只//只
󳍓,月琴//
󳍔,瞅眼/斜眼//
󳍕,若干//几个
󳍖,鹞子/雀鹰//
󳍗,传说中的神鹰//神鹰
󳍘,睾丸//
󳍙,呢/语气词/表示疑问//
󳍚,攀枝花/木棉//
󳍛,轻/价格便宜//
󳍜,茶/古语//
󳍝,横搭//搭
󳍞,阔叶韭菜//韭菜
󳍟,些/点//
󳍠,麒麟//
󳍡,压下//下
󳍢,骂//
󳍣,姑姑/姑妈/婆媳//
󳍤,犹如//如
󳍥,河蚌//
󳍦,瘦//
󳍧,迎接//接/迎
󳍨,活结//结
󳍩,卧倒/卧下//卧
󳍪,囤箩//箩
󳍫,白面狐//狐
󳍬,恐惧//怕
󳍭,太/莴苣//
󳍮,枣//
󳍯,丢失/消失//不见
󳍰,钩子//钩
󳍱,贱价格//贱卖/贱价
󳍲,人体额下的软组织//软组织
󳍳,条/支/杆/股/把//
󳍴,砂锅//锅
󳍵,泻//
󳍶,前/眼前//面前/脸上
󳍷,添/掺//
󳍸,杏子//杏
󳍹,斗殴//打架
󳍺,行动//
󳍻,炎热//热
󳍼,松明子//
󳍽,掩盖//盖/掩
󳍾,芦苇//
󳍿,凉爽//凉/爽
󳎀,结尾//尾
󳎁,寒//冷
󳎂,侦察//察/侦
󳎃,瘌蛤蟆/蝌蚪//蛤蟆/蟾蜍
󳎄,狐狸//狐
󳎅,三菱草//
󳎆,賨/旧时民间的储金会//储金会
󳎇,灾//
󳎈,镀//
󳎉,蟋蟀//
󳎊,山茶//
󳎋,蛇/巳//地支
󳎌,落在/落入//落
󳎍,脱毛//
󳎎,简单/容易/简易//易/简
󳎏,争抢//争/抢/夺
󳎐,失落//难过
󳎑,另外//其他
󳎒,踩偏/虚//踩空
󳎓,香椿树//椿/香椿
󳎔,和尚//僧侣/僧人
󳎕,实勺/实楚/德施/人名//
󳎖,凸起//突起
󳎗,远距离//远
󳎘,姑子丈夫的姐妹//
󳎙,好久//长时间/久
󳎚,枪/炮//
󳎛,袍/披袍//
󳎜,忙//
󳎝,明年//
󳎞,清汤/寡鸡蛋//寡蛋/毛鸡蛋/毛蛋
󳎟,纺线//线
󳎠,缘故/原因//原由/理由
󳎡,漱/吐//漱口
󳎢,句//
󳎣,乖//听话
󳎤,绾/勒骟//
󳎥,大声吼/起哄//吼
󳎦,布//
󳎧,牛的蜂巢胃//蜂巢胃/胃/牛胃/网胃
󳎨,烙//
󳎩,注意//小心
󳎪,嚼//咀嚼
󳎫,朽//
󳎬,钟//
󳎭,收藏//
󳎮,挂//
󳎯,虚荣/好打扮/假装斯文//假斯文
󳎰,烧烤//
󳎱,秤/斤//
󳎲,重字//
󳎳,招赘/入赘//
󳎴,翻脸//
󳎵,洒//
󳎶,悬空/昆明西山//西山
󳎷,斯蜀/祸/灾荒//
󳎸,浆//
󳎹,树/木/木柴//五行
󳎺,诽谤//
󳎻,语/言/古语//语言
󳎼,绿//青
󳎽,飞舞//飞
󳎾,纬线//纬
󳎿,搓绳子//搓
󳏀,补//
󳏁,抵触/撞//
󳏂,门槛//
󳏃,故事//
󳏄,雾//
󳏅,木条/阿左赤/沾益/坝子///曲靖/云南沾益/云南曲靖坝子
󳏆,喷水枪//水枪
󳏇,瓜类//瓜
󳏈,形容词缀//
󳏉,很/副词//非常
󳏊,闪亮//闪
󳏋,伞//
󳏌,刺/钉/菠萝//凤梨
󳏍,娇气//
󳏎,凝结//
󳏏,人熊//
󳏐,导火线//
󳏑,广阔/撮箕//广
󳏒,催//
󳏓,高兴//
󳏔,拥挤//挤
󳏕,杉/松/松明子//
󳏖,凹陷//
󳏗,燕//燕子
󳏘,出丑/丢脸//丢人
󳏙,浆/衣服//
󳏚,犬吠//吠
󳏛,狡猾//
󳏜,认真//
󳏝,俄索/人名/地名/威宁//贵州威宁
󳏞,混合/掺和//
󳏟,皮革//革
󳏠,暴露//
󳏡,刺竹//
󳏢,花色//
󳏣,凑在一起//凑
󳏤,婴儿皮肤褶皱处发炎//发炎
󳏥,千//
󳏦,歹/憨/劣//
󳏧,耀眼/刺眼//
󳏨,收拾/实勺//
󳏩,突然死/松鼠//突然
󳏪,揩/擦//
󳏫,祛除/使干净//干净
󳏬,虽然//
󳏭,头屑//头皮屑
󳏮,父系血缘相邻两辈间的关系//血缘关系
󳏯,狮子//狮
󳏰,点眼药水//点
󳏱,人/笃慕//古语
󳏲,圆//
󳏳,攻打//打/攻
󳏴,灶//
󳏵,哪里//哪
󳏶,借//
󳏷,笑嘻嘻//笑
󳏸,开始/太初//
󳏹,炫示//夸耀/炫耀
󳏺,蓄//
󳏻,虫/蚕/螃蟹//
󳏼,经线/牵经线//经
󳏽,跳/动//
󳏾,扒//
󳏿,孝敬父母//孝敬/孝
󳐀,捂甜酒//捂
󳐁,膀//
󳐂,渡槽//
󳐃,身肌丰满/丝瓜//丰满
󳐄,嘛/语气词//
󳐅,地//
󳐆,摘菜/讨菜//采菜
󳐇,纠缠//
󳐈,棚/戳嘎耄//总管红白喜事
󳐉,封闭/严实//
󳐊,抖掉灰尘//抖/抖灰
󳐋,同情//
󳐌,了/时态助词/过去式//
󳐍,重叠词缀//
󳐎,那//
󳐏,盛开//
󳐐,麻木//
󳐑,麻疹/天花//
󳐒,靠拢/跟随//跟
󳐓,剃//
󳐔,弈/弈人//
󳐕,狐狸//狐
󳐖,茂盛//
󳐗,果吉//
󳐘,猪/亥//地支
󳐙,楔子/加楔子//
󳐚,直/正//
󳐛,不会产崽的母畜//
󳐜,豹/狼等叫//
󳐝,居住治理//居住/治理/住
󳐞,银子//银
󳐟,长//
󳐠,滗//滤
󳐡,陶瓷//瓷/陶
󳐢,把/张/架/支/盏//
󳐣,蝶//蝴蝶
󳐤,形容个子矮小//矮/矮小
󳐥,护膝//
󳐦,寸//
󳐧,节/关节//
󳐨,神位//神
󳐩,幢//栋
󳐪,奉养//
󳐫,锣//
󳐬,折磨//
󳐭,哪里//
󳐮,有//
󳐯,划豆腐//划
󳐰,盖/罩//
󳐱,祖灵//祖
󳐲,归附//归
󳐳,物品/东西//
󳐴,灾难//
󳐵,昏沉沉//昏
󳐶,铜//
󳐷,百合//
󳐸,母鸡叫/呃/拟声词//叫/鸣
󳐹,停止//停
󳐺,匾//
󳐻,供养//供
󳐼,快速旋转//旋转
󳐽,生意/古语//
󳐾,小腿肚//小腿
󳐿,螳螂//
󳑀,刁难/责难/责备//
󳑁,树立/建立/举/塑像//
󳑂,别/莫/勿//不要
󳑃,旧/古/庚//天干
󳑄,灰尘//灰
󳑅,牲畜//畜
󳑆,盖//
󳑇,揉/抟/挼//
󳑈,裙子//
󳑉,风箱//
󳑊,瓢//
󳑋,哑//
󳑌,买//
󳑍,堆砌//
󳑎,立起/竖起//立/竖
󳑏,导线架//架
󳑐,按//
󳑑,你们//
󳑒,花朵/弥勒//云南弥勒
󳑓,腮帮子//腮帮
󳑔,摇摆//
󳑕,漆/烟垢//旱烟杆
󳑖,回/次//
󳑗,梭子//梭
󳑘,听到//听
󳑙,我们//
󳑚,梳子/梳//
󳑛,犁//
󳑜,瓢//
󳑝,含化//含
󳑞,枋板//
󳑟,叔叔//叔
󳑠,驮魂马//
󳑡,齐/理齐//
󳑢,呻吟//
󳑣,们//
󳑤,侄子/侄儿//侄
󳑥,哄/骗//
󳑦,相好//
󳑧,扇//
󳑨,形态/状态/状况//
󳑩,胎子/斗笠胎子//
󳑪,解说//
󳑫,烟草/香烟//烟
󳑬,曾祖//
󳑭,怪味//
󳑮,身体//身
󳑯,娶妻//娶
󳑰,我们//
󳑱,观瞻/展望//
󳑲,天麻//
󳑳,有气无力/无精打采//没力气/没精神
󳑴,切片//切
󳑵,大仓//仓
󳑶,方便//
󳑷,水灯芯//
󳑸,破//
󳑹,石头//石
󳑺,嘶叫//叫/嘶
󳑻,慎重//小心/慎
󳑼,身材矮小//矮小/矮
󳑽,秋千//
󳑾,石//一石
󳑿,出殡//
󳒀,剔/修剪//
󳒁,繁殖/额非明宗//
󳒂,次/第二//
󳒃,陶瓷/金属等碎片//碎片
󳒄,燃烧//
󳒅,设陷阱猎鸟兽//陷阱
󳒆,昌盛//昌
󳒇,勾连//
󳒈,陶瓷//陶/瓷
󳒉,颗粒//颗/粒
󳒊,消灭/古语//
󳒋,增加/增多/涨//涨饭
󳒌,天花//
󳒍,窝//一窝
󳒎,庙//火神庙
󳒏,繁殖/繁衍//生育
󳒐,鲜花//鲜
󳒑,口袋/挎包//包/袋
󳒒,拳头/胳膊//拳
󳒓,篾箩//
󳒔,男子汉/大丈夫//男
󳒕,唠叨//
󳒖,咽喉//喉
󳒗,篱笆/当面羞人//羞人/辱人
󳒘,空/闲//空闲
󳒙,毛虫//毛
󳒚,犁辕//
󳒛,连枷//
󳒜,争吵//吵
󳒝,块//
󳒞,疯/牲畜发情//发情
󳒟,少/皮聂//
󳒠,眼昏花/视力衰退//昏花
󳒡,嘣/拟声词//
󳒢,屁股/臀部/尾椎/山地//
󳒣,撕裂//裂
󳒤,定了//定
󳒥,嘎/做嘎//祭祖/超度祖灵
󳒦,犁板//
󳒧,藿麻//
󳒨,护寨神//神
󳒩,染料/蓝靛//颜料
󳒪,鬃/马鬃/猪鬃//
󳒫,裙脚//
󳒬,十一//11
󳒭,褪色//
󳒮,称呼//
󳒯,惧//怕/害怕
󳒰,加/配种//
󳒱,醋水//醋
󳒲,插//
󳒳,好看//漂亮
󳒴,吐//
󳒵,顶替//替
󳒶,恶心//
󳒷,形容词缀/沉甸甸//
󳒸,越过//越
󳒹,断//
󳒺,基业/阿哲/人名//
󳒻,咂//
󳒼,羞//
󳒽,骨头的前加词素//骨
󳒾,沾//
󳒿,发髻/缨子//发/缨
󳓀,老实/忠厚//诚实
󳓁,感谢//谢
󳓂,穗//
󳓃,征讨/讨伐//
󳓄,脱//脱衣服
󳓅,削//
󳓆,迁徙//迁移
󳓇,服//
󳓈,搜查/抄//
󳓉,生血菜//生血/凉拌猪血
󳓊,收落的庄稼//收落/收割落下
󳓋,连枷//
󳓌,芸豆/金豆/四季豆//
󳓍,骟/苦荞//
󳓎,核仁//
󳓏,下颗粒状的雪//雪
󳓐,鸟鸣//鸣/鸟叫
󳓑,烙//
󳓒,口齿清楚/说/古语/开口//说话清楚/
󳓓,分散/散开/散乱//散
󳓔,晒谷场上翻粮食食用的刮板//翻谷子/晒谷子
󳓕,缴获//
󳓖,洗/淘//
󳓗,火药//
󳓘,杀//
󳓙,敲//
󳓚,秧鸡//
󳓛,明锐//
󳓜,出/冒/暴露//露
󳓝,扬//
󳓞,数落//
󳓟,回应//应
󳓠,箍/栓/捏/拉/捶紧//
󳓡,绕/绾//
󳓢,线/丝//
󳓣,聘请//聘
󳓤,板/片/牌//
󳓥,倍数//倍
󳓦,轿子//轿
󳓧,衣襟//襟
󳓨,章节//章/节
󳓩,卡//
󳓪,疾病//病
󳓫,花谢/石屏/新平//云南石屏/云南新平
󳓬,戳//
󳓭,闩门//
󳓮,说话伤人//
󳓯,健壮//壮
󳓰,蚂蚁/地上拖竹竿之声//拖
󳓱,汆烫//汆
󳓲,自己/我//
󳓳,抢/夺//
󳓴,枪//
󳓵,骟牛/猪//
󳓶,盖头帕/头饰/包茅/扁竹叶//头巾/头帕
󳓷,山//
󳓸,开花//
󳓹,树棵/茎/干//
󳓺,管事/作主//
󳓻,喜欢//
󳓼,傻眼//
󳓽,争论/辩论//论
󳓾,泥泞//
󳓿,摔跤//
󳔀,勒//
󳔁,曾孙//
󳔂,抬//
󳔃,泪//眼泪
󳔄,机器//
󳔅,纽襻//纽
󳔆,张口//开口
󳔇,裂开//裂
󳔈,修枝//修
󳔉,凤凰//
󳔊,花蕾//蕾
󳔋,败/输//
󳔌,点播//点火
󳔍,心神//
󳔎,檬/檬树//姜子树/柚栗子树//
󳔏,壅土//壅
󳔐,花//
󳔑,敬爱//
󳔒,紫红色//紫红
󳔓,谢//
󳔔,悄悄的//悄悄
󳔕,芋头//
󳔖,喝//
󳔗,搁/放置//
󳔘,家具/用具/器材//
󳔙,撕/扯//
󳔚,伤心//
󳔛,无能/丑陋//丑
󳔜,贵//不便宜
󳔝,庆祝//
󳔞,倒毛//
󳔟,背孩子//
󳔠,逝世//背
󳔡,接受//
󳔢,剪//
󳔣,倒//
󳔤,哪里//
󳔥,夭折//
󳔦,经常/天天/哪天//常/每天
󳔧,燎/烧//
󳔨,早饭//
󳔩,根//
󳔪,拙脚笨手//笨手笨脚
󳔫,伤/悲//悲伤
󳔬,仗恃//
󳔭,汆烫//氽
󳔮,马匹//
󳔯,欢喜/高兴//
󳔰,虽然//
󳔱,孵出//孵
󳔲,擂//
󳔳,爸爸/父亲/爹//
󳔴,嫂子//嫂
󳔵,獾//
󳔶,吊//吊着
󳔷,明亮//亮
󳔸,张开//
󳔹,晚餐//
󳔺,禾苗//苗
󳔻,穿/过//
󳔼,价格贵//贵
󳔽,扛//
󳔾,骂//
󳔿,境/界//边界
󳕀,劝说/挽/留//挽留
󳕁,吓跳//
󳕂,老实/忠厚//诚实
󳕃,威风/威势//
󳕄,行/可以/石林//云南石林
󳕅,扭//扭断
󳕆,空间垂直的下面//下/下面
󳕇,昌盛/发展//
󳕈,搬迁/迁居//搬家
󳕉,稻谷/米//
󳕊,粗大//粗
󳕋,牲畜产崽/生蛆//产崽
󳕌,赶紧//赶快
󳕍,绊//
󳕎,剁//
󳕏,剐/剥皮/刮//
󳕐,刮风/风流//吹风
󳕑,四//4
󳕒,同/齐//一起/一齐
󳕓,冬//冬天/冬季
󳕔,祝告//对神祝告
󳕕,乌鸦//鸦
󳕖,弹//
󳕗,挣/拼搏//
󳕘,根源/希幕遮//
󳕙,虐待/折磨/整治//
󳕚,撤除//
󳕛,首/曲//
󳕜,灰尘/碱/凹//灰
󳕝,厚/稠密//密
󳕞,怀孕//孕
󳕟,摇//摇头
󳕠,热/暑//
󳕡,急//
󳕢,捏//
󳕣,围墙//
󳕤,旋顶//
󳕥,板结//
󳕦,陀螺//
󳕧,坟墓//墓
󳕨,鸡/古语/飞禽/家//
󳕩,斗/一斗//
󳕪,个/完全/全部//全
󳕫,这//
󳕬,半夏//夏
󳕭,棺材//
󳕮,院落/园/厅堂//院/堂
󳕯,周岁/年//
󳕰,周围//
󳕱,剜/遍//
󳕲,营/扎营//
󳕳,周围/轮//
󳕴,瓦//
󳕵,砧板//
󳕶,夜/日期//
󳕷,哨棚/窝棚//
󳕸,砖//
󳕹,轮流/村庄/乐作//舞蹈
󳕺,游逛/走串//
󳕻,平整/铲平/和平//
󳕼,墨//
󳕽,舂//
󳕾,松/散//
󳕿,醉//
󳖀,创立/创始//创
󳖁,黑//
󳖂,形容词缀/累累地//
󳖃,奖赏/赏赐//
󳖄,菜的词尾//菜
󳖅,扳//
󳖆,魂魄/鬼/螳螂//
󳖇,相遇//遇
󳖈,壶/瓶//水壶/水瓶
󳖉,吩咐//
󳖊,睫毛//眼睫毛
󳖋,撮//
󳖌,唠叨//
󳖍,深//
󳖎,救//
󳖏,时刻//
󳖐,眼睁睁//
󳖑,青木叶//
󳖒,嚼食物//嚼
󳖓,马桑树//马桑
󳖔,鲸鱼//鲸
󳖕,睡//睡觉
󳖖,生火//
󳖗,扇子/扇//扇风
󳖘,想念/惦念//
󳖙,把/柄//一把
󳖚,依靠//
󳖛,作揖/祷告//
󳖜,竭/尽//
󳖝,方面//
󳖞,呲牙咧嘴//
󳖟,南方/慕阿卧//南
󳖠,昆明//云南昆明
󳖡,敬酒//
󳖢,砂锅//锅
󳖣,工//
󳖤,侍从//
󳖥,级/阶//
󳖦,号召/动员//
󳖧,吊炕//
󳖨,铺开/展开//铺/展
󳖩,嚼//咀嚼
󳖪,穷困//穷
󳖫,空//
󳖬,嚼//咀嚼
󳖭,呆//傻
󳖮,梳理/理顺//
󳖯,祖考/男祖先//祖
󳖰,臣//
󳖱,老/长//
󳖲,给吃//吃
󳖳,迎亲男家倒女家迎接新娘//接新娘
󳖴,鲁莽/过分//
󳖵,放置/着/住//
󳖶,平//
󳖷,丛林//森林/林
󳖸,糟糕/坏//不好
󳖹,赶紧//赶快
󳖺,慕阿切/人名//
󳖻,打仗//战争
󳖼,茎/杆//
󳖽,那里//
󳖾,缸/桶/棺材//
󳖿,瞄准//瞄
󳗀,教/指导//
󳗁,住//
󳗂,结果//
󳗃,割//
󳗄,光秃//秃
󳗅,污染/青光眼//
󳗆,墨水//墨
󳗇,温驯//
󳗈,茶罐//罐
󳗉,但是//但
󳗊,民族/亲戚//族
󳗋,运/递//
󳗌,小麦/豌豆/包谷//玉米
󳗍,碾//
󳗎,家养//
󳗏,泣//
󳗐,故事//
󳗑,形容词/满满尖尖//满
󳗒,哭//
󳗓,分散//散
󳗔,敌人/仇人//敌/仇
󳗕,想念/牵挂//
󳗖,吹奏/吹火/吹胀//吹
󳗗,扑鸟/扑昆虫//扑
󳗘,避//
󳗙,砚台//砚
󳗚,捆绑/捆//
󳗛,多//
󳗜,猛大//猛
󳗝,腰杆//腰
󳗞,拟声词/叽叽喳喳//
󳗟,声音//
󳗠,准备/预备//
󳗡,舀/盛//
󳗢,乳/哺乳//
󳗣,搭配/合作//
󳗤,派//
󳗥,烟尘/扬尘/灰尘//灰
󳗦,扒//扒饭
󳗧,酱//
󳗨,官//
󳗩,生//不熟
󳗪,捅//
󳗫,轻轻的//轻
󳗬,打卦/投掷//投掷占卜
󳗭,滴//一滴
󳗮,初//初一
󳗯,衣褊//褊
󳗰,半声半声的咳嗽//咳/咳嗽
󳗱,摄像/录音//
󳗲,形容词缀/黑压压//
󳗳,玷污/污染//污
󳗴,吃/喂//
󳗵,融化/溶化//
󳗶,往//
󳗷,占卜/啄木鸟//
󳗸,超越//
󳗹,消/退//
󳗺,圣/圣人//
󳗻,嫉妒//
󳗼,肾//
󳗽,禾苗/蕨苔//禾
󳗾,撒/敷/掩//
󳗿,扒开//扒
󳘀,灵巧/乖巧//
󳘁,着/中//
󳘂,上方//上
󳘃,整齐//
󳘄,衣襟/襟/
󳘅,春//
󳘆,粑/馍/饼//
󳘇,活计/工作//
󳘈,忧心//
󳘉,裹/包//包裹
󳘊,阅历/纵阅//
󳘋,触动//感动
󳘌,梭/滑//梭下/滑下//
󳘍,偷懒//
󳘎,议论/交谈//谈/论
󳘏,蒸/焖//
󳘐,馊//
󳘑,是/为何/总是//
󳘒,调/拌//
󳘓,脑盖//脑
󳘔,收庄稼掉落的籽实//掉落的/籽
󳘕,比方//
󳘖,文/文史/梅葛//
󳘗,樟木树//樟
󳘘,平静//静/安静
󳘙,挎包//
󳘚,臂/形容腹部突出//
󳘛,1 戟jǐ2三叉矛//
󳘜,酿造/渥/沾湿//
󳘝,刺绣//绣
󳘞,屎/大便/肛门//
󳘟,叹气//
󳘠,理顺/理通//
󳘡,豁出//豁
󳘢,帘子/编//
󳘣,腿跨//跨
󳘤,结合/名份/身份//
󳘥,挣脱//
󳘦,集市/街/场/一场//
󳘧,由来//
󳘨,昏沉沉//
󳘩,责怪//怪
󳘪,匆匆//
󳘫,抢亲//
󳘬,辔//
󳘭,打捞//捞
󳘮,锤子//锤
󳘯,必须//
󳘰,马/古语//
󳘱,筒//
󳘲,丁//天干
󳘳,霜/冰//
󳘴,袋子/皮口袋//袋
󳘵,伤口//伤
󳘶,缝/撩//
󳘷,毒//
󳘸,勃起//
󳘹,放//放火/放野火
󳘺,沉底//沉
󳘻,捆/扎/系//
󳘼,安宁河/锦屏山//
󳘽,颜面//
󳘾,鼓//
󳘿,冲//
󳙀,泡木树/五倍子树//
󳙁,缩口//
󳙂,癣/生癣//
󳙃,同睡/陪睡//陪
󳙄,锁//
󳙅,细/吝啬离/坎//八卦
󳙆,和谐/和蔼//
󳙇,讨债//
󳙈,兴//兴礼节
󳙉,上方//
󳙊,螳螂//
󳙋,吉利//吉
󳙌,蜂//
󳙍,锄头//锄
󳙎,情歌/唱情歌//歌
󳙏,混杂//混/杂
󳙐,青竹蛇/雄锦鸡//锦鸡
󳙑,连累//
󳙒,讽刺//
󳙓,腌//
󳙔,活/泸西//
󳙕,雾沉沉/霭漫漫/那么//
󳙖,制止/停/停息/休止//
󳙗,刨//
󳙘,公狗//
󳙙,猫//
󳙚,通头//
󳙛,中央/中间/中心/头顶/百会穴//中
󳙜,词缀/晴朗朗//
󳙝,模/模样/模型//
󳙞,祝告/古语//
󳙟,被水冲/冲撞//冲
󳙠,嫩崽//
󳙡,珠//珠子
󳙢,拐杖//杖
󳙣,久//
󳙤,构皮树//
󳙥,聚会//聚
󳙦,饱满/俊俏//
󳙧,收租//
󳙨,骟过的绵羊//绵羊
󳙩,猿人//猿
󳙪,荣华//富贵
󳙫,戏弄/逗玩//逗/戏
󳙬,乌龟//龟
󳙭,一种野果的名字//野果
󳙮,祭//
󳙯,珍珠//珠
󳙰,妖魔鬼怪//鬼/妖/魔/怪
󳙱,柔荑花序//
󳙲,装饰//
󳙳,哮吼//
󳙴,箭//
󳙵,掼谷槽收割稻谷时作脱粒的用具//脱粒
󳙶,下种//
󳙷,合//
󳙸,连接/链接//
󳙹,凿//
󳙺,不但……而且//
󳙻,鸡距拐爪//
󳙼,扣//
󳙽,芒果//
󳙾,离开群体//
󳙿,谁人//
󳚀,挑拨//
󳚁,规矩/礼仪/道理/章程/制度/原则//
󳚂,形容词缀/红彤彤//
󳚃,山梁//
󳚄,沉淀//
󳚅,厦子/小屋檐//
󳚆,他的//他
󳚇,后天//
󳚈,饭谷//
󳚉,撮//
󳚊,骄傲//
󳚋,急/气愤//
󳚌,黄瓜//
󳚍,香芝麻花//芝麻花
󳚎,层//
󳚏,榫头//榫
󳚐,土地/阿脑阿画//土
󳚑,包/扎//
󳚒,放荡//
󳚓,罪过/案件/问题//罪
󳚔,撞//
󳚕,侧身//侧
󳚖,鸡胗//胗
󳚗,原野/坝子//
󳚘,控告//
󳚙,脓//
󳚚,光华//华
󳚛,正直//
󳚜,壳//
󳚝,口/祷告/案件/问题//
󳚞,木瓜/敷衍//
󳚟,聋//
󳚠,他们/她们/它们//
󳚡,翅膀//翅
󳚢,膘//
󳚣,灵气//灵
󳚤,饭豆//
󳚥,山冲//
󳚦,祝词//
󳚧,关/拘禁/禁闭//
󳚨,山岭/刀耕火种/威荣//
󳚩,珠子//
󳚪,磨石/石灰//
󳚫,扳手//
󳚬,肯//
󳚭,杵//
󳚮,月琴//
󳚯,打扮/扮演//扮/演
󳚰,胖//
󳚱,葡萄//
󳚲,己//天干
󳚳,圃/篱笆/栏//
󳚴,撒/撒遍/普及//
󳚵,埋葬//
󳚶,在场//
󳚷,槟榔/菠萝//
󳚸,埋怨/诉苦//
󳚹,哨子/空壳//
󳚺,帮/伙//
󳚻,圆形//圆
󳚼,水獭//
󳚽,共同/地名用词//
󳚾,狸/獾//
󳚿,手套//套
󳛀,酥/松脆/松软//
󳛁,摇摇摆摆//摇摆
󳛂,香肠//肠
󳛃,认人/物/承认//认
󳛄,先//
󳛅,猫头鹰//
󳛆,泡/核桃//
󳛇,招赘/入赘//
󳛈,薯类/白薯//
󳛉,肿瘤//
󳛊,水泡//
󳛋,翁//
󳛌,砖模子/土坯/犁坯//
󳛍,胸脯肉/胸膛/心窝骨//
󳛎,麝//
󳛏,红茨莓//
󳛐,积食//
󳛑,口粮//
󳛒,石膏//
󳛓,哀乐/哀歌曲//哀
󳛔,小声抽泣//抽泣/哭
󳛕,嚎//
󳛖,卖//
󳛗,了//
󳛘,解释//
󳛙,要紧/重要//
󳛚,随便/简单//
󳛛,转移/物品//
󳛜,洗漱//洗/漱
󳛝,搂//
󳛞,擦尔瓦//
󳛟,垮/塌/说话伤人//
󳛠,话/说//
󳛡,叶子/片//
󳛢,哨子/空壳/破烂//
󳛣,吃//
󳛤,挑水桶//挑
󳛥,辣//
󳛦,终结/结束/收尾/饭被烧焦了的味道//
󳛧,掼谷槽//
󳛨,瞀/目眩/心绪纷乱/愚昧//
󳛩,粮食/古语//
󳛪,绵羊/未//地支
󳛫,捞/渣滓/捞干的//
󳛬,鼻子//鼻
󳛭,烦闷/烦躁/悲观//
󳛮,啄//
󳛯,猖獗//
󳛰,训斥//
󳛱,淡味道/素食//素
󳛲,嫁//
󳛳,眼屎/拟声词/老鼠叫声//老鼠叫
󳛴,浪费//
󳛵,鹿子//鹿
󳛶,乌鸦叫//鸦
󳛷,火花//
󳛸,结实//
󳛹,重叠词缀/明朗朗//
󳛺,呛//
󳛻,晚熟//
󳛼,填塞//填/塞
󳛽,理睬//
󳛾,排行第三//3
󳛿,形容词词缀/胀鼓鼓//
󳜀,咒猫//骂猫
󳜁,秕谷//
󳜂,宝/鹳鹤/昆明//
󳜃,液体沸腾溢出//溢/沸腾
󳜄,茅草//
󳜅,唠唠叨叨//
󳜆,怎样/什么//
󳜇,卷/包//
󳜈,抛/扔//
󳜉,早//
󳜊,蜷缩//
󳜋,打活结/活结//
󳜌,藤子//藤
󳜍,亿//
󳜎,嘟嘴//嘟
󳜏,丘块//丘
󳜐,弹跳//弹/跳
󳜑,眼睛//眼/目
󳜒,住所/部位/来由/人名用词//
󳜓,同类中特别瘦小//瘦小
󳜔,垮/破产/群鸦乱叫//鸦/叫
󳜕,金/黄色//
󳜖,狮子//狮
󳜗,都//
󳜘,祭献//
󳜙,绵韧/韧/嚼不动//
󳜚,篾丝/启/揭//
󳜛,大/强//力大
󳜜,一瓣//一块/块/瓣
󳜝,卷//
󳜞,牙齿//牙/齿
󳜟,果子未成熟而脱落//掉下/脱落
󳜠,幽默/诙谐//
󳜡,带子/索/绳子//绳
󳜢,词/词典//
󳜣,泻/拉肚子/倒水//倒/腹泻
󳜤,隆隆/拟声词//
󳜥,骈生/并列而生//
󳜦,代替字无实际意义//代替字
󳜧,代音字无实际意义//代替字